filename,fold,specific_epithet,min,herbaria,seq,county,state
ALCB002348,11,Peperomia+pellucida,5,ALCB,26117,Porto Estrela,Mato Grosso
ALCB002541,25,Piper+crassinervium,5,ALCB,26118,Amambai,Mato Grosso do Sul
ALCB002548,26,Piper+cuyabanum,5,ALCB,26116,Jauru,Mato Grosso
ALCB002581,31,Piper+glabratum,5,ALCB,26119,Anastácio,Mato Grosso do Sul
ALCB002597,39,Piper+tuberculatum,5,ALCB,26018,Aquidauana,Mato Grosso do Sul
ALCB002598,39,Piper+tuberculatum,5,ALCB,26121,Bodoquena,Mato Grosso do Sul
ALCB002651,18,Piper+amalago,5,ALCB,26122,Bonito,Mato Grosso do Sul
CBPM00000429,32,Piper+hispidum,5,CBPM,14560,Brasília,Distrito Federal
CEN00006402_1,40,Piper+umbellatum,5,CEN,11620,BRASILIA,DF
CEN00006433,20,Piper+arboreum,5,CEN,12346,LUZIANIA,GO
CEN00007027,20,Piper+arboreum,5,CEN,11966,BRASILIA,DF
CEN00007209,20,Piper+arboreum,5,CEN,11967,BRASILIA,DF
CEN00007353,15,Piper+aduncum,5,CEN,11883,BRASILIA,DF
CEN00010363,23,Piper+callosum,5,CEN,11658,BRASILIA,DF
CEN00010383,29,Piper+fuligineum,5,CEN,11512,BRASILIA,DF
CEN00010395,40,Piper+umbellatum,5,CEN,11511,BRASILIA,DF
CEN00012992,40,Piper+umbellatum,5,CEN,11514,BRASILIA,DF
CEN00014230,26,Piper+cuyabanum,5,CEN,12011,CAMPINACU,GO
CEN00014534,39,Piper+tuberculatum,5,CEN,11635,BRASILIA,DF
CEN00014541,15,Piper+aduncum,5,CEN,11534,BRASILIA,DF
CEN00014674,15,Piper+aduncum,5,CEN,11465,BRASILIA,DF
CEN00015373,37,Piper+regnellii,5,CEN,12276,COLINAS DO SUL,GO
CEN00015374,26,Piper+cuyabanum,5,CEN,12275,COLINAS DO SUL,GO
CEN00015451,29,Piper+fuligineum,5,CEN,12277,COLINAS DO SUL,GO
CEN00015597,26,Piper+cuyabanum,5,CEN,12274,COLINAS DO SUL,GO
CEN00015603,15,Piper+aduncum,5,CEN,12282,COLINAS DO SUL,GO
CEN00015764,37,Piper+regnellii,5,CEN,11659,BRASILIA,DF
CEN00016544,37,Piper+regnellii,5,CEN,11518,BRASILIA,DF
CEN00016587,20,Piper+arboreum,5,CEN,11942,BRASILIA,DF
CEN00016983,20,Piper+arboreum,5,CEN,12375,NIQUELANDIA,GO
CEN00017265,32,Piper+hispidum,5,CEN,12367,NIQUELANDIA,GO
CEN00017267,32,Piper+hispidum,5,CEN,12366,NIQUELANDIA,GO
CEN00017405,15,Piper+aduncum,5,CEN,12219,BARRO ALTO,GO
CEN00017584,37,Piper+regnellii,5,CEN,12409,URUACU,GO
CEN00017585,32,Piper+hispidum,5,CEN,12408,URUACU,GO
CEN00017601,32,Piper+hispidum,5,CEN,12374,NIQUELANDIA,GO
CEN00017635,37,Piper+regnellii,5,CEN,12369,NIQUELANDIA,GO
CEN00018059,20,Piper+arboreum,5,CEN,11943,COLINAS DO SUL,GO
CEN00018370,38,Piper+tectoniifolium,5,CEN,11525,BRASILIA,DF
CEN00018371,20,Piper+arboreum,5,CEN,11526,BRASILIA,DF
CEN00018469,15,Piper+aduncum,5,CEN,11531,BRASILIA,DF
CEN00018476,20,Piper+arboreum,5,CEN,11533,BRASILIA,DF
CEN00019775_1,26,Piper+cuyabanum,5,CEN,12013,NIQUELANDIA,GO
CEN00019881,32,Piper+hispidum,5,CEN,12068,CORUMBAIBA,GO
CEN00019886_1,32,Piper+hispidum,5,CEN,12069,CORUMBAIBA,GO
CEN00019891,20,Piper+arboreum,5,CEN,11944,CORUMBAIBA,GO
CEN00019894,20,Piper+arboreum,5,CEN,11945,CORUMBAIBA,GO
CEN00019920_1,20,Piper+arboreum,5,CEN,11946,CORUMBAIBA,GO
CEN00020841,20,Piper+arboreum,5,CEN,11947,CORUMBAIBA,GO
CEN00020850_1,15,Piper+aduncum,5,CEN,11845,IPAMERI,GO
CEN00020866,32,Piper+hispidum,5,CEN,12070,IPAMERI,GO
CEN00020904_1,33,Piper+macedoi,5,CEN,12093,CORUMBAIBA,GO
CEN00020913,20,Piper+arboreum,5,CEN,11948,CORUMBAIBA,GO
CEN00020938,20,Piper+arboreum,5,CEN,11949,CALDAS NOVAS,GO
CEN00020950,20,Piper+arboreum,5,CEN,11950,CALDAS NOVAS,GO
CEN00021043,20,Piper+arboreum,5,CEN,11951,CALDAS NOVAS,GO
CEN00021065,32,Piper+hispidum,5,CEN,12071,CALDAS NOVAS,GO
CEN00021432,20,Piper+arboreum,5,CEN,12320,IPAMERI,GO
CEN00021433_1,26,Piper+cuyabanum,5,CEN,12322,IPAMERI,GO
CEN00021434,32,Piper+hispidum,5,CEN,12321,IPAMERI,GO
CEN00021453,20,Piper+arboreum,5,CEN,12323,IPAMERI,GO
CEN00022104,20,Piper+arboreum,5,CEN,12386,PLANALTINA,GO
CEN00022292,41,Piper+viminifolium,5,CEN,12232,CALDAS NOVAS,GO
CEN00022683,20,Piper+arboreum,5,CEN,12242,CAMPINACU,GO
CEN00022714,32,Piper+hispidum,5,CEN,12241,CAMPINACU,GO
CEN00022769,27,Piper+dilatatum,5,CEN,12236,CAMPINACU,GO
CEN00022778,26,Piper+cuyabanum,5,CEN,12237,CAMPINACU,GO
CEN00022830,15,Piper+aduncum,5,CEN,12233,CAMPINACU,GO
CEN00023786,41,Piper+viminifolium,5,CEN,12195,CALDAS NOVAS,GO
CEN00023787,15,Piper+aduncum,5,CEN,11846,CALDAS NOVAS,GO
CEN00023908,20,Piper+arboreum,5,CEN,12230,CALDAS NOVAS,GO
CEN00023956,5,Peperomia+circinnata,5,CEN,12222,CALDAS NOVAS,GO
CEN00023989,32,Piper+hispidum,5,CEN,12329,JATAI,GO
CEN00024191,39,Piper+tuberculatum,5,CEN,12371,NIQUELANDIA,GO
CEN00024250,15,Piper+aduncum,5,CEN,11847,IPAMERI,GO
CEN00024298,41,Piper+viminifolium,5,CEN,12297,CORUMBAIBA,GO
CEN00024322,32,Piper+hispidum,5,CEN,12228,CALDAS NOVAS,GO
CEN00024362,32,Piper+hispidum,5,CEN,12072,CORUMBAIBA,GO
CEN00024374,15,Piper+aduncum,5,CEN,12224,CALDAS NOVAS,GO
CEN00024377,32,Piper+hispidum,5,CEN,12225,CALDAS NOVAS,GO
CEN00024386,32,Piper+hispidum,5,CEN,12229,CALDAS NOVAS,GO
CEN00024594,26,Piper+cuyabanum,5,CEN,12014,URUACU,GO
CEN00024636,15,Piper+aduncum,5,CEN,12244,CAMPINACU,GO
CEN00024655,37,Piper+regnellii,5,CEN,12243,CAMPINACU,GO
CEN00025211,15,Piper+aduncum,5,CEN,12318,IPAMERI,GO
CEN00026301,15,Piper+aduncum,5,CEN,11848,PLANALTINA,GO
CEN00026662,1,Peperomia+alata,5,CEN,11701,BRASILIA,DF
CEN00026663,36,Piper+ovatum,5,CEN,11273,BRASILIA,DF
CEN00026665,42,Piper+xylosteoides,5,CEN,12198,BRASILIA,DF
CEN00026700,20,Piper+arboreum,5,CEN,11819,BRASILIA,DF
CEN00026701,36,Piper+ovatum,5,CEN,11669,BRASILIA,DF
CEN00026702,4,Peperomia+campinasana,5,CEN,11689,BRASILIA,DF
CEN00026703,9,Peperomia+loxensis,5,CEN,11767,BRASILIA,DF
CEN00026738,9,Peperomia+loxensis,5,CEN,11769,BRASILIA,DF
CEN00026744,36,Piper+ovatum,5,CEN,11688,BRASILIA,DF
CEN00026746,40,Piper+umbellatum,5,CEN,12186,BRASILIA,DF
CEN00026749,27,Piper+dilatatum,5,CEN,12023,BRASILIA,DF
CEN00026930,5,Peperomia+circinnata,5,CEN,11728,IPAMERI,GO
CEN00026952,29,Piper+fuligineum,5,CEN,12319,IPAMERI,GO
CEN00027605_1,36,Piper+ovatum,5,CEN,12109,COCALZINHO DE GOIAS,GO
CEN00027793,15,Piper+aduncum,5,CEN,12218,BARRO ALTO,GO
CEN00027820,15,Piper+aduncum,5,CEN,12407,URUACU,GO
CEN00027933,9,Peperomia+loxensis,5,CEN,11272,BRASILIA,DF
CEN00027989,37,Piper+regnellii,5,CEN,12410,URUACU,GO
CEN00028421,32,Piper+hispidum,5,CEN,11378,NIQUELANDIA,GO
CEN00028498_1,20,Piper+arboreum,5,CEN,11579,BRASILIA,DF
CEN00028537_1,15,Piper+aduncum,5,CEN,11467,BRASILIA,DF
CEN00028553,23,Piper+callosum,5,CEN,11986,BRASILIA,DF
CEN00029358,41,Piper+viminifolium,5,CEN,12196,CORUMBAIBA,GO
CEN00029361,6,Peperomia+elongata,5,CEN,11289,CORUMBAIBA,GO
CEN00029362,20,Piper+arboreum,5,CEN,11952,CORUMBAIBA,GO
CEN00029363,32,Piper+hispidum,5,CEN,12073,CORUMBAIBA,GO
CEN00029364,36,Piper+ovatum,5,CEN,12117,CORUMBAIBA,GO
CEN00029365,41,Piper+viminifolium,5,CEN,12197,CORUMBAIBA,GO
CEN00030078,2,Peperomia+arifolia,5,CEN,12221,CALDAS NOVAS,GO
CEN00030086,40,Piper+umbellatum,5,CEN,12226,CALDAS NOVAS,GO
CEN00030640,6,Peperomia+elongata,5,CEN,11290,IPAMERI,GO
CEN00030758,11,Peperomia+pellucida,5,CEN,11301,NIQUELANDIA,GO
CEN00030760,27,Piper+dilatatum,5,CEN,12024,NIQUELANDIA,GO
CEN00030761,27,Piper+dilatatum,5,CEN,12025,NIQUELANDIA,GO
CEN00031336,20,Piper+arboreum,5,CEN,11592,BRASILIA,DF
CEN00031652,32,Piper+hispidum,5,CEN,12286,COLINAS DO SUL,GO
CEN00031964,27,Piper+dilatatum,5,CEN,11365,CAMPINACU,GO
CEN00032032_1,18,Piper+amalago,5,CEN,11897,BRASILIA,DF
CEN00032068,29,Piper+fuligineum,5,CEN,12283,COLINAS DO SUL,GO
CEN00032100,20,Piper+arboreum,5,CEN,12376,NIQUELANDIA,GO
CEN00033331,20,Piper+arboreum,5,CEN,11589,BRASILIA,DF
CEN00033366,36,Piper+ovatum,5,CEN,11586,BRASILIA,DF
CEN00033793,27,Piper+dilatatum,5,CEN,11662,BRASILIA,DF
CEN00033796,27,Piper+dilatatum,5,CEN,11663,BRASILIA,DF
CEN00033799,15,Piper+aduncum,5,CEN,11661,BRASILIA,DF
CEN00034309,37,Piper+regnellii,5,CEN,12134,BRASILIA,DF
CEN00034755,40,Piper+umbellatum,5,CEN,12188,BRASILIA,DF
CEN00034756,37,Piper+regnellii,5,CEN,12136,BRASILIA,DF
CEN00035394,15,Piper+aduncum,5,CEN,12519,MIRANDA,MS
CEN00035399,15,Piper+aduncum,5,CEN,11851,CORUMBA,MS
CEN00036276,8,Peperomia+gardneriana,5,CEN,12377,NOVA ROMA,GO
CEN00036400,15,Piper+aduncum,5,CEN,11852,BRASILIA,DF
CEN00036401,37,Piper+regnellii,5,CEN,12137,BRASILIA,DF
CEN00036402,15,Piper+aduncum,5,CEN,11853,BRASILIA,DF
CEN00036403,15,Piper+aduncum,5,CEN,11854,BRASILIA,DF
CEN00036405,20,Piper+arboreum,5,CEN,11953,BRASILIA,DF
CEN00036406,18,Piper+amalago,5,CEN,11899,BRASILIA,DF
CEN00036407,36,Piper+ovatum,5,CEN,12125,BRASILIA,DF
CEN00036408,9,Peperomia+loxensis,5,CEN,11770,BRASILIA,DF
CEN00036414,37,Piper+regnellii,5,CEN,12138,BRASILIA,DF
CEN00036415,22,Piper+caldense,5,CEN,11978,BRASILIA,DF
CEN00036416,29,Piper+fuligineum,5,CEN,12047,BRASILIA,DF
CEN00036417,15,Piper+aduncum,5,CEN,11855,BRASILIA,DF
CEN00036419,15,Piper+aduncum,5,CEN,11337,BRASILIA,DF
CEN00036420,36,Piper+ovatum,5,CEN,12126,BRASILIA,DF
CEN00036421,20,Piper+arboreum,5,CEN,11929,BRASILIA,DF
CEN00036422,42,Piper+xylosteoides,5,CEN,12199,BRASILIA,DF
CEN00036423,42,Piper+xylosteoides,5,CEN,12200,BRASILIA,DF
CEN00036424,15,Piper+aduncum,5,CEN,11338,BRASILIA,DF
CEN00036425,42,Piper+xylosteoides,5,CEN,11408,BRASILIA,DF
CEN00036426,36,Piper+ovatum,5,CEN,12127,BRASILIA,DF
CEN00036427,38,Piper+tectoniifolium,5,CEN,12155,BRASILIA,DF
CEN00036429,27,Piper+dilatatum,5,CEN,12026,BRASILIA,DF
CEN00036430,42,Piper+xylosteoides,5,CEN,11409,BRASILIA,DF
CEN00036439,29,Piper+fuligineum,5,CEN,12048,BRASILIA,DF
CEN00036440,15,Piper+aduncum,5,CEN,11339,BRASILIA,DF
CEN00036747,35,Piper+mollicomum,5,CEN,12281,COLINAS DO SUL,GO
CEN00036988,25,Piper+crassinervium,5,CEN,12005,BRASILIA,DF
CEN00038025,38,Piper+tectoniifolium,5,CEN,11580,BRASILIA,DF
CEN00038026,20,Piper+arboreum,5,CEN,11956,BRASILIA,DF
CEN00038027,38,Piper+tectoniifolium,5,CEN,11460,BRASILIA,DF
CEN00038030,16,Piper+aequale,5,CEN,11517,BRASILIA,DF
CEN00039435,22,Piper+caldense,5,CEN,11354,BRASILIA,DF
CEN00039439,20,Piper+arboreum,5,CEN,11957,BRASILIA,DF
CEN00039661,15,Piper+aduncum,5,CEN,11591,BRASILIA,DF
CEN00039756,15,Piper+aduncum,5,CEN,11342,BONITO,MS
CEN00039757_1,26,Piper+cuyabanum,5,CEN,12015,BELA VISTA,MS
CEN00039758,27,Piper+dilatatum,5,CEN,12027,AQUIDAUANA,MS
CEN00039771,21,Piper+cachimboense,5,CEN,11975,PEDRA PRETA,MT
CEN00039774,20,Piper+arboreum,5,CEN,11969,SONORA,MS
CEN00039776,29,Piper+fuligineum,5,CEN,12049,BARRA DO BUGRES,MT
CEN00039777,42,Piper+xylosteoides,5,CEN,11411,PORTO ESTRELA,MT
CEN00039778,5,Peperomia+circinnata,5,CEN,11729,SALTO DO CEU,MT
CEN00039781,20,Piper+arboreum,5,CEN,11970,PONTES E LACERDA,MT
CEN00039782,7,Peperomia+galioides,5,CEN,11751,PIRENOPOLIS,GO
CEN00040115,27,Piper+dilatatum,5,CEN,12254,CAVALCANTE,GO
CEN00040156,20,Piper+arboreum,5,CEN,12247,CAVALCANTE,GO
CEN00040184,29,Piper+fuligineum,5,CEN,12264,CAVALCANTE,GO
CEN00040190,15,Piper+aduncum,5,CEN,12265,CAVALCANTE,GO
CEN00040313,15,Piper+aduncum,5,CEN,11822,CAVALCANTE,GO
CEN00040318,27,Piper+dilatatum,5,CEN,11997,CAVALCANTE,GO
CEN00040860,5,Peperomia+circinnata,5,CEN,11730,PIRENOPOLIS,GO
CEN00040947,29,Piper+fuligineum,5,CEN,12255,CAVALCANTE,GO
CEN00041050,15,Piper+aduncum,5,CEN,12262,CAVALCANTE,GO
CEN00041051,29,Piper+fuligineum,5,CEN,12263,CAVALCANTE,GO
CEN00041377,18,Piper+amalago,5,CEN,12393,SAO DOMINGOS,GO
CEN00041555,18,Piper+amalago,5,CEN,11894,ANTONIO JOAO,MS
CEN00042023,27,Piper+dilatatum,5,CEN,12348,MINACU,GO
CEN00042180,32,Piper+hispidum,5,CEN,12284,COLINAS DO SUL,GO
CEN00042182,37,Piper+regnellii,5,CEN,12285,COLINAS DO SUL,GO
CEN00042195,37,Piper+regnellii,5,CEN,12350,MINACU,GO
CEN00042201,27,Piper+dilatatum,5,CEN,12234,MINACU,GO
CEN00043142,6,Peperomia+elongata,5,CEN,12308,FORMOSA,GO
CEN00043143,5,Peperomia+circinnata,5,CEN,12307,FORMOSA,GO
CEN00043165,27,Piper+dilatatum,5,CEN,12305,FORMOSA,GO
CEN00043245,20,Piper+arboreum,5,CEN,12301,CRISTALINA,GO
CEN00043560,27,Piper+dilatatum,5,CEN,12290,COLINAS DO SUL,GO
CEN00043708,27,Piper+dilatatum,5,CEN,12253,CAVALCANTE,GO
CEN00044058,15,Piper+aduncum,5,CEN,11596,BRASILIA,DF
CEN00044096,15,Piper+aduncum,5,CEN,11597,BRASILIA,DF
CEN00044119,29,Piper+fuligineum,5,CEN,12351,MINACU,GO
CEN00044650,26,Piper+cuyabanum,5,CEN,12016,COLINAS DO SUL,GO
CEN00044661,26,Piper+cuyabanum,5,CEN,12017,COLINAS DO SUL,GO
CEN00046069,20,Piper+arboreum,5,CEN,11960,BRASILIA,DF
CEN00046071,25,Piper+crassinervium,5,CEN,12008,BRASILIA,DF
CEN00046074,15,Piper+aduncum,5,CEN,11347,COLINAS DO SUL,GO
CEN00046075,20,Piper+arboreum,5,CEN,12246,CAVALCANTE,GO
CEN00046077,15,Piper+aduncum,5,CEN,12251,CAVALCANTE,GO
CEN00046078,29,Piper+fuligineum,5,CEN,12252,CAVALCANTE,GO
CEN00046080,22,Piper+caldense,5,CEN,11356,BRASILIA,DF
CEN00046081,25,Piper+crassinervium,5,CEN,12009,BRASILIA,DF
CEN00046082,37,Piper+regnellii,5,CEN,12144,BRASILIA,DF
CEN00046083,29,Piper+fuligineum,5,CEN,12051,BRASILIA,DF
CEN00046084,20,Piper+arboreum,5,CEN,11961,BRASILIA,DF
CEN00046085,15,Piper+aduncum,5,CEN,11842,BRASILIA,DF
CEN00046086,9,Peperomia+loxensis,5,CEN,11545,BRASILIA,DF
CEN00046087,22,Piper+caldense,5,CEN,11550,BRASILIA,DF
CEN00046088,18,Piper+amalago,5,CEN,11548,BRASILIA,DF
CEN00046089,36,Piper+ovatum,5,CEN,11549,BRASILIA,DF
CEN00046090,40,Piper+umbellatum,5,CEN,11547,BRASILIA,DF
CEN00046091,42,Piper+xylosteoides,5,CEN,11546,BRASILIA,DF
CEN00046093,24,Piper+cernuum,5,CEN,11590,BRASILIA,DF
CEN00046094,20,Piper+arboreum,5,CEN,11515,BRASILIA,DF
CEN00046095,15,Piper+aduncum,5,CEN,11516,BRASILIA,DF
CEN00046096,37,Piper+regnellii,5,CEN,11581,BRASILIA,DF
CEN00046097,40,Piper+umbellatum,5,CEN,11582,BRASILIA,DF
CEN00046098,27,Piper+dilatatum,5,CEN,11463,BRASILIA,DF
CEN00046099,15,Piper+aduncum,5,CEN,11461,BRASILIA,DF
CEN00046102,5,Peperomia+circinnata,5,CEN,11462,BRASILIA,DF
CEN00046103,32,Piper+hispidum,5,CEN,11564,BRASILIA,DF
CEN00046104,5,Peperomia+circinnata,5,CEN,11732,BRASILIA,DF
CEN00046105,27,Piper+dilatatum,5,CEN,12033,BRASILIA,DF
CEN00046107,27,Piper+dilatatum,5,CEN,12330,LUZIANIA,GO
CEN00046128,20,Piper+arboreum,5,CEN,12332,LUZIANIA,GO
CEN00046132,5,Peperomia+circinnata,5,CEN,12334,LUZIANIA,GO
CEN00046133,18,Piper+amalago,5,CEN,12333,LUZIANIA,GO
CEN00046146,15,Piper+aduncum,5,CEN,11864,LUZIANIA,GO
CEN00046154,6,Peperomia+elongata,5,CEN,11748,LUZIANIA,GO
CEN00046155,32,Piper+hispidum,5,CEN,12076,LUZIANIA,GO
CEN00046156,37,Piper+regnellii,5,CEN,12145,LUZIANIA,GO
CEN00046170,36,Piper+ovatum,5,CEN,12331,LUZIANIA,GO
CEN00046196,18,Piper+amalago,5,CEN,11902,BRASILIA,DF
CEN00046203,11,Peperomia+pellucida,5,CEN,11775,APARECIDA DE GOIANIA,GO
CEN00046205,29,Piper+fuligineum,5,CEN,12052,GOIANIA,GO
CEN00046206,8,Peperomia+gardneriana,5,CEN,11522,BRASILIA,DF
CEN00046207,1,Peperomia+alata,5,CEN,11703,BRASILIA,DF
CEN00046208,36,Piper+ovatum,5,CEN,12128,FORMOSA,GO
CEN00047017,15,Piper+aduncum,5,CEN,11867,ELDORADO,MS
CEN00047018,1,Peperomia+alata,5,CEN,11704,ELDORADO,MS
CEN00047020,2,Peperomia+arifolia,5,CEN,11714,ELDORADO,MS
CEN00047091,31,Piper+glabratum,5,CEN,12063,ANTONIO JOAO,MS
CEN00047092,27,Piper+dilatatum,5,CEN,12035,ANTONIO JOAO,MS
CEN00047098,38,Piper+tectoniifolium,5,CEN,12156,AGUA FRIA DE GOIAS,GO
CEN00047099,38,Piper+tectoniifolium,5,CEN,12157,AGUA FRIA DE GOIAS,GO
CEN00047101,29,Piper+fuligineum,5,CEN,12054,TERESINA DE GOIAS,GO
CEN00047109,15,Piper+aduncum,5,CEN,11870,CACERES,MT
CEN00047111,20,Piper+arboreum,5,CEN,11965,CHAPADA DOS GUIMARAES,MT
CEN00047317,20,Piper+arboreum,5,CEN,12302,CRISTALINA,GO
CEN00047366,20,Piper+arboreum,5,CEN,12299,CRISTALINA,GO
CEN00047441,32,Piper+hispidum,5,CEN,12304,CRISTALINA,GO
CEN00047470,6,Peperomia+elongata,5,CEN,12298,CRISTALINA,GO
CEN00047678,27,Piper+dilatatum,5,CEN,11519,BRASILIA,DF
CEN00047879,8,Peperomia+gardneriana,5,CEN,11757,BRASILIA,DF
CEN00048609,20,Piper+arboreum,5,CEN,11676,ALEXANIA,GO
CEN00048659,42,Piper+xylosteoides,5,CEN,11682,ALEXANIA,GO
CEN00048671,6,Peperomia+elongata,5,CEN,11683,ALEXANIA,GO
CEN00048699,27,Piper+dilatatum,5,CEN,11686,ALEXANIA,GO
CEN00048700,6,Peperomia+elongata,5,CEN,11687,ALEXANIA,GO
CEN00048805,34,Piper+miquelianum,5,CEN,12398,SILVANIA,GO
CEN00048814,31,Piper+glabratum,5,CEN,12403,SILVANIA,GO
CEN00048815,20,Piper+arboreum,5,CEN,12401,SILVANIA,GO
CEN00049140,15,Piper+aduncum,5,CEN,12295,CORUMBA DE GOIAS,GO
CEN00049729,20,Piper+arboreum,5,CEN,11931,BRASILIA,DF
CEN00049730,34,Piper+miquelianum,5,CEN,12108,BRASILIA,DF
CEN00049731,38,Piper+tectoniifolium,5,CEN,12124,BRASILIA,DF
CEN00049798,6,Peperomia+elongata,5,CEN,12291,COLINAS DO SUL,GO
CEN00049986,42,Piper+xylosteoides,5,CEN,11670,LUZIANIA,GO
CEN00050190,26,Piper+cuyabanum,5,CEN,12336,LUZIANIA,GO
CEN00050198,20,Piper+arboreum,5,CEN,12335,LUZIANIA,GO
CEN00050282,5,Peperomia+circinnata,5,CEN,11446,LUZIANIA,GO
CEN00050388,20,Piper+arboreum,5,CEN,11678,ALEXANIA,GO
CEN00050389,40,Piper+umbellatum,5,CEN,11679,ALEXANIA,GO
CEN00050805,15,Piper+aduncum,5,CEN,11872,PORTO ESPERIDIAO,MT
CEN00050806,26,Piper+cuyabanum,5,CEN,12018,PORTO ESPERIDIAO,MT
CEN00050807,23,Piper+callosum,5,CEN,11987,VILA BELA DA SANTISSIMA TRINDADE,MT
CEN00050810,26,Piper+cuyabanum,5,CEN,12019,BONITO,MS
CEN00050813,15,Piper+aduncum,5,CEN,11874,BONITO,MS
CEN00050814,26,Piper+cuyabanum,5,CEN,12020,PORTO MURTINHO,MS
CEN00050815,26,Piper+cuyabanum,5,CEN,12021,BONITO,MS
CEN00051664,15,Piper+aduncum,5,CEN,11875,BODOQUENA,MS
CEN00051666,18,Piper+amalago,5,CEN,11905,BONITO,MS
CEN00051668,15,Piper+aduncum,5,CEN,11876,BONITO,MS
CEN00051675,18,Piper+amalago,5,CEN,11906,BONITO,MS
CEN00051684,18,Piper+amalago,5,CEN,11907,BONITO,MS
CEN00052728,1,Peperomia+alata,5,CEN,11707,BRASILIA,DF
CEN00052729,20,Piper+arboreum,5,CEN,11933,NOVA XAVANTINA,MT
CEN00053620,1,Peperomia+alata,5,CEN,11708,ALTO PARAISO DE GOIAS,GO
CEN00054170,6,Peperomia+elongata,5,CEN,11749,LUZIANIA,GO
CEN00054374,35,Piper+mollicomum,5,CEN,12116,BELA VISTA DE GOIAS,GO
CEN00054587,11,Peperomia+pellucida,5,CEN,11786,ALTO PARAISO DE GOIAS,GO
CEN00054901,29,Piper+fuligineum,5,CEN,12055,BRASILIA,DF
CEN00055702,27,Piper+dilatatum,5,CEN,11646,BRASILIA,DF
CEN00055703,42,Piper+xylosteoides,5,CEN,11645,BRASILIA,DF
CEN00055704,18,Piper+amalago,5,CEN,11642,BRASILIA,DF
CEN00055705,15,Piper+aduncum,5,CEN,11644,BRASILIA,DF
CEN00055706,40,Piper+umbellatum,5,CEN,11641,BRASILIA,DF
CEN00055707,38,Piper+tectoniifolium,5,CEN,11640,BRASILIA,DF
CEN00055708,36,Piper+ovatum,5,CEN,11643,BRASILIA,DF
CEN00055709,42,Piper+xylosteoides,5,CEN,11647,BRASILIA,DF
CEN00055711,20,Piper+arboreum,5,CEN,11653,BRASILIA,DF
CEN00055712,32,Piper+hispidum,5,CEN,11650,BRASILIA,DF
CEN00055713,42,Piper+xylosteoides,5,CEN,11654,BRASILIA,DF
CEN00055714,38,Piper+tectoniifolium,5,CEN,11652,BRASILIA,DF
CEN00055715,24,Piper+cernuum,5,CEN,11648,BRASILIA,DF
CEN00055716,42,Piper+xylosteoides,5,CEN,11655,BRASILIA,DF
CEN00055717,27,Piper+dilatatum,5,CEN,11656,BRASILIA,DF
CEN00055718,36,Piper+ovatum,5,CEN,11651,BRASILIA,DF
CEN00056029,32,Piper+hispidum,5,CEN,12223,CALDAS NOVAS,GO
CEN00056350,15,Piper+aduncum,5,CEN,11849,BRASILIA,DF
CEN00057748,36,Piper+ovatum,5,CEN,11552,BRASILIA,DF
CEN00057767,36,Piper+ovatum,5,CEN,11583,BRASILIA,DF
CEN00057776,9,Peperomia+loxensis,5,CEN,11584,BRASILIA,DF
CEN00057777,4,Peperomia+campinasana,5,CEN,11585,BRASILIA,DF
CEN00058626,20,Piper+arboreum,5,CEN,11560,BRASILIA,DF
CEN00058763,15,Piper+aduncum,5,CEN,11622,BRASILIA,DF
CEN00058799,3,Peperomia+blanda,5,CEN,11559,BRASILIA,DF
CEN00058803,25,Piper+crassinervium,5,CEN,11558,BRASILIA,DF
CEN00059609,20,Piper+arboreum,5,CEN,11818,LUZIANIA,GO
CEN00059768,39,Piper+tuberculatum,5,CEN,12181,SAO DOMINGOS,GO
CEN00060179,18,Piper+amalago,5,CEN,12315,GOIANIA,GO
CEN00060259,35,Piper+mollicomum,5,CEN,12272,CAVALCANTE,GO
CEN00067063,38,Piper+tectoniifolium,5,CEN,11270,LUZIANIA,GO
CEN00067167,1,Peperomia+alata,5,CEN,11685,ALEXANIA,GO
CEN00067385,27,Piper+dilatatum,5,CEN,12259,CAVALCANTE,GO
CEN00069139,15,Piper+aduncum,5,CEN,12382,PADRE BERNARDO,GO
CEN00071921,29,Piper+fuligineum,5,CEN,11639,BRASILIA,DF
CEN00071928,28,Piper+divaricatum,5,CEN,12355,MONTES CLAROS DE GOIAS,GO
CEN00075162,1,Peperomia+alata,5,CEN,11542,BRASILIA,DF
CEN00075697,8,Peperomia+gardneriana,5,CEN,11759,BRASILIA,DF
CEN00078194,32,Piper+hispidum,5,CEN,12084,CAMPO GRANDE,MS
CEN00078388,20,Piper+arboreum,5,CEN,11936,CALDAS NOVAS,GO
CEN00078495,42,Piper+xylosteoides,5,CEN,12210,CALDAS NOVAS,GO
CEN00078498,20,Piper+arboreum,5,CEN,11937,CALDAS NOVAS,GO
CEN00078630,25,Piper+crassinervium,5,CEN,11448,MORRINHOS,GO
CEN00078631,20,Piper+arboreum,5,CEN,11449,MORRINHOS,GO
CEN00078639,25,Piper+crassinervium,5,CEN,11454,MORRINHOS,GO
CEN00078685,20,Piper+arboreum,5,CEN,11274,MORRINHOS,GO
CEN00078692,20,Piper+arboreum,5,CEN,11276,MORRINHOS,GO
CEN00079044,22,Piper+caldense,5,CEN,11983,MORRINHOS,GO
CEN00079071,25,Piper+crassinervium,5,CEN,11368,MORRINHOS,GO
CEN00079131,22,Piper+caldense,5,CEN,11984,MORRINHOS,GO
CEN00079932,36,Piper+ovatum,5,CEN,12131,PIRENOPOLIS,GO
CEN00079933,7,Peperomia+galioides,5,CEN,11755,PIRENOPOLIS,GO
CEN00080043,35,Piper+mollicomum,5,CEN,12120,ALTO HORIZONTE,GO
CEN00080045,15,Piper+aduncum,5,CEN,11886,ALTO HORIZONTE,GO
CEN00080064,32,Piper+hispidum,5,CEN,12085,CAMPINACU,GO
CEN00080065,15,Piper+aduncum,5,CEN,11887,CAMPINACU,GO
CEN00080077,15,Piper+aduncum,5,CEN,11888,ALTO HORIZONTE,GO
CEN00080123,35,Piper+mollicomum,5,CEN,11692,ALTO HORIZONTE,GO
CEN00080247,5,Peperomia+circinnata,5,CEN,11734,PIRENOPOLIS,GO
CEN00080294,37,Piper+regnellii,5,CEN,12147,NIQUELANDIA,GO
CEN00080299,15,Piper+aduncum,5,CEN,11691,ALTO HORIZONTE,GO
CEN00080300,15,Piper+aduncum,5,CEN,11690,ALTO HORIZONTE,GO
CEN00080312,8,Peperomia+gardneriana,5,CEN,12368,NIQUELANDIA,GO
CEN00080317,24,Piper+cernuum,5,CEN,12257,CAVALCANTE,GO
CEN00080318,36,Piper+ovatum,5,CEN,12256,CAVALCANTE,GO
CEN00082651,15,Piper+aduncum,5,CEN,12359,MOSSAMEDES,GO
CEN00082689,5,Peperomia+circinnata,5,CEN,12268,CAVALCANTE,GO
CEN00085191,20,Piper+arboreum,5,CEN,11657,BRASILIA,DF
CEN00085242,8,Peperomia+gardneriana,5,CEN,11469,BRASILIA,DF
CEN00085243,18,Piper+amalago,5,CEN,11468,BRASILIA,DF
CEN00086312,38,Piper+tectoniifolium,5,CEN,12161,BRASILIA,DF
CEN00086431,35,Piper+mollicomum,5,CEN,11524,BRASILIA,DF
CEN00086437,15,Piper+aduncum,5,CEN,11575,BRASILIA,DF
CEN00086453,29,Piper+fuligineum,5,CEN,11630,BRASILIA,DF
CEN00086484,15,Piper+aduncum,5,CEN,11509,BRASILIA,DF
CEN00086492,36,Piper+ovatum,5,CEN,11504,BRASILIA,DF
CEN00086493,38,Piper+tectoniifolium,5,CEN,11501,BRASILIA,DF
CEN00086495,20,Piper+arboreum,5,CEN,11507,BRASILIA,DF
CEN00086499,42,Piper+xylosteoides,5,CEN,11500,BRASILIA,DF
CEN00086502,15,Piper+aduncum,5,CEN,11508,BRASILIA,DF
CEN00086512,36,Piper+ovatum,5,CEN,11503,BRASILIA,DF
CEN00086513,20,Piper+arboreum,5,CEN,11506,BRASILIA,DF
CEN00086538,42,Piper+xylosteoides,5,CEN,11565,BRASILIA,DF
CEN00086548,29,Piper+fuligineum,5,CEN,11631,BRASILIA,DF
CEN00086582,15,Piper+aduncum,5,CEN,11578,BRASILIA,DF
CEN00086604,15,Piper+aduncum,5,CEN,11510,BRASILIA,DF
CEN00086614,36,Piper+ovatum,5,CEN,11502,BRASILIA,DF
CEN00086619,42,Piper+xylosteoides,5,CEN,11499,BRASILIA,DF
CEN00086642,29,Piper+fuligineum,5,CEN,11633,BRASILIA,DF
CEN00087255,23,Piper+callosum,5,CEN,12530,VILA BELA DA SANTISSIMA TRINDADE,MT
CEN00087270,18,Piper+amalago,5,CEN,12529,VILA BELA DA SANTISSIMA TRINDADE,MT
CEN00087288,35,Piper+mollicomum,5,CEN,12526,VILA BELA DA SANTISSIMA TRINDADE,MT
CEN00087294,27,Piper+dilatatum,5,CEN,12528,VILA BELA DA SANTISSIMA TRINDADE,MT
CEN00087298,29,Piper+fuligineum,5,CEN,12527,VILA BELA DA SANTISSIMA TRINDADE,MT
CEN00087676,36,Piper+ovatum,5,CEN,11470,BRASILIA,DF
CEN00087699,15,Piper+aduncum,5,CEN,11473,BRASILIA,DF
CEN00087700,20,Piper+arboreum,5,CEN,11477,BRASILIA,DF
CEN00087718,29,Piper+fuligineum,5,CEN,11623,BRASILIA,DF
CEN00087744,42,Piper+xylosteoides,5,CEN,11567,BRASILIA,DF
CEN00087778,15,Piper+aduncum,5,CEN,11573,BRASILIA,DF
CEN00087877,20,Piper+arboreum,5,CEN,11577,BRASILIA,DF
CEN00087924,20,Piper+arboreum,5,CEN,11492,BRASILIA,DF
CEN00087927,38,Piper+tectoniifolium,5,CEN,11493,BRASILIA,DF
CEN00087986,20,Piper+arboreum,5,CEN,11569,BRASILIA,DF
CEN00088053,20,Piper+arboreum,5,CEN,11478,BRASILIA,DF
CEN00088077,20,Piper+arboreum,5,CEN,11572,BRASILIA,DF
CEN00088129,15,Piper+aduncum,5,CEN,11491,BRASILIA,DF
CEN00089011,22,Piper+caldense,5,CEN,11529,BRASILIA,DF
CEN00089023,9,Peperomia+loxensis,5,CEN,11528,BRASILIA,DF
CEN00089270,1,Peperomia+alata,5,CEN,12384,PARAUNA,GO
CEN00093956,20,Piper+arboreum,5,CEN,11484,BRASILIA,DF
CEN00094047,20,Piper+arboreum,5,CEN,11479,BRASILIA,DF
CEN00098682,18,Piper+amalago,5,CEN,12520,PORTO MURTINHO,MS
CEN00098748,39,Piper+tuberculatum,5,CEN,12511,CORUMBA,MS
CEN00098749,26,Piper+cuyabanum,5,CEN,12512,CORUMBA,MS
CEN00098760,15,Piper+aduncum,5,CEN,12507,BONITO,MS
CEN00098874,39,Piper+tuberculatum,5,CEN,12292,COLINAS DO SUL,GO
CEN00109273,20,Piper+arboreum,5,CEN,12293,CORUMBA DE GOIAS,GO
CEN00109274,15,Piper+aduncum,5,CEN,12294,CORUMBA DE GOIAS,GO
CEN00109283,15,Piper+aduncum,5,CEN,12395,SAO JOAO DA PARAUNA,GO
CEN00109293,15,Piper+aduncum,5,CEN,12327,ITAUCU,GO
CEN00109296,39,Piper+tuberculatum,5,CEN,12360,NAZARIO,GO
CEN00109297,39,Piper+tuberculatum,5,CEN,12361,NAZARIO,GO
CEN00113634,22,Piper+caldense,5,CEN,11976,BRASILIA,DF
CEN00114752,15,Piper+aduncum,5,CEN,12521,SANTA RITA DO PARDO,MS
CEN00115119,37,Piper+regnellii,5,CEN,12387,PLANALTINA,GO
CEN00115292,13,Peperomia+tetraphylla,5,CEN,12213,ALTO PARAISO DE GOIAS,GO
CEN00116427,29,Piper+fuligineum,5,CEN,12045,SANTA HELENA DE GOIAS,GO
CEN00116428,29,Piper+fuligineum,5,CEN,12392,RIO VERDE,GO
CEN00116430,31,Piper+glabratum,5,CEN,12391,RIO VERDE,GO
CEN00116431,20,Piper+arboreum,5,CEN,12390,RIO VERDE,GO
CEN00116432,15,Piper+aduncum,5,CEN,12523,SIDROLANDIA,MS
CEN00116438,15,Piper+aduncum,5,CEN,12406,TURVELANDIA,GO
CEN00116439,15,Piper+aduncum,5,CEN,12217,ANAPOLIS,GO
CEN00116450,15,Piper+aduncum,5,CEN,12499,APARECIDA DO TABOADO,MS
CEN00116455,20,Piper+arboreum,5,CEN,12358,MORRO AGUDO DE GOIAS,GO
CEN00116457,15,Piper+aduncum,5,CEN,12389,RIO QUENTE,GO
CEN00116497,29,Piper+fuligineum,5,CEN,12215,ANICUNS,GO
CEN00116501,15,Piper+aduncum,5,CEN,12326,ITAGUARU,GO
CEN00116503,35,Piper+mollicomum,5,CEN,12328,JARAGUA,GO
CEN00116510,35,Piper+mollicomum,5,CEN,11394,MUTUNOPOLIS,GO
CEN00116514,20,Piper+arboreum,5,CEN,12399,SILVANIA,GO
CEN00116516,20,Piper+arboreum,5,CEN,11926,SILVANIA,GO
CEN00116517,20,Piper+arboreum,5,CEN,11927,SILVANIA,GO
CEN00116524,28,Piper+divaricatum,5,CEN,12357,MONTIVIDIU,GO
CEN00116525,20,Piper+arboreum,5,CEN,12356,MONTIVIDIU,GO
CEN00116533,15,Piper+aduncum,5,CEN,11843,CAVALCANTE,GO
CEN00116535,35,Piper+mollicomum,5,CEN,11395,CAVALCANTE,GO
CEN00116536,29,Piper+fuligineum,5,CEN,12513,COXIM,MS
CEN00116537,20,Piper+arboreum,5,CEN,12514,COXIM,MS
CEN00116538,20,Piper+arboreum,5,CEN,12515,COXIM,MS
CEN00116544,15,Piper+aduncum,5,CEN,12383,PALMEIRAS DE GOIAS,GO
CEN00116548,39,Piper+tuberculatum,5,CEN,12396,SENADOR CANEDO,GO
CEN00116556,20,Piper+arboreum,5,CEN,12273,COCALZINHO DE GOIAS,GO
CEN00116560,35,Piper+mollicomum,5,CEN,12258,CAVALCANTE,GO
CEN00116562,29,Piper+fuligineum,5,CEN,12325,IPORA,GO
CEN00116563,20,Piper+arboreum,5,CEN,12324,IPORA,GO
CEN00116568,35,Piper+mollicomum,5,CEN,12381,ORIZONA,GO
CEN00116578,32,Piper+hispidum,5,CEN,12365,NIQUELANDIA,GO
CEN00116586,29,Piper+fuligineum,5,CEN,12316,HIDROLANDIA,GO
CEN00116589,20,Piper+arboreum,5,CEN,12245,CAMPO ALEGRE DE GOIAS,GO
CEN00116590,20,Piper+arboreum,5,CEN,12314,GOIANIA,GO
ESA045601,10,Peperomia+macrostachya,5,ESA,22660,Juruena,Mato Grosso
ESA045604,10,Peperomia+macrostachya,5,ESA,23686,Juruena,Mato Grosso
ESA045648,15,Piper+aduncum,5,ESA,22731,Nobres,Mato Grosso
ESA045653,31,Piper+glabratum,5,ESA,23692,Juruena,Mato Grosso
ESA045654,31,Piper+glabratum,5,ESA,22767,Aripuanã,Mato Grosso
ESA045655,31,Piper+glabratum,5,ESA,23744,Juruena,Mato Grosso
ESA045657,31,Piper+glabratum,5,ESA,23749,Juruena,Mato Grosso
ESA045659,32,Piper+hispidum,5,ESA,22775,Aripuanã,Mato Grosso
ESA045664,32,Piper+hispidum,5,ESA,23666,Juruena,Mato Grosso
ESA045669,32,Piper+hispidum,5,ESA,24008,Nova Brasilândia,Mato Grosso
ESA083256,42,Piper+xylosteoides,5,ESA,22911,Porto Estrela,Mato Grosso
ESA089801,7,Peperomia+galioides,5,ESA,23983,Pirenópolis,Goiás
ESA097353,15,Piper+aduncum,5,ESA,22887,Goiás,Goiás
ESA102426,20,Piper+arboreum,5,ESA,22888,Mossâmedes,Goiás
ESA126471,12,Peperomia+pereskiaefolia,5,ESA,22912,Bonito,Mato Grosso do Sul
FLOR0027751,31,Piper+glabratum,5,FLOR,24793,Brasília,Distrito Federal
FURB04587,29,Piper+fuligineum,5,FURB,42405,Campos Belos,Goiás
FURB04589,38,Piper+tectoniifolium,5,FURB,42762,Brasília,Distrito Federal
FURB38006,32,Piper+hispidum,5,FURB,42862,Pirenópolis,Goiás
FURB38525,15,Piper+aduncum,5,FURB,42865,Bonito,Mato Grosso do Sul
HUEFS0083032,24,Piper+cernuum,5,HUEFS,21860,Água Fria,Goiás
HUEFS0143510,18,Piper+amalago,5,HUEFS,21742,Campos Belos,Goiás
HUEM000010038,31,Piper+glabratum,5,HUEM,12983,Dourados,Mato Grosso do Sul
HUFU00019348,5,Peperomia+circinnata,5,HUFU,54801,Costa Rica,Mato Grosso do Sul
HUFU00019355,7,Peperomia+galioides,5,HUFU,54915,Pirenópolis,Goiás
HUFU00019358,12,Peperomia+pereskiaefolia,5,HUFU,54908,Alto Paraíso de Goiás,Goiás
HUFU00019674,15,Piper+aduncum,5,HUFU,54905,Brasília,Distrito Federal
HUFU00019688,15,Piper+aduncum,5,HUFU,54906,Brasília,Distrito Federal
HUFU00019705,18,Piper+amalago,5,HUFU,54830,Bonito,Mato Grosso do Sul
HUFU00019706,18,Piper+amalago,5,HUFU,54832,Bonito,Mato Grosso do Sul
HUFU00019708,18,Piper+amalago,5,HUFU,54831,Bonito,Mato Grosso do Sul
HUFU00019833,29,Piper+fuligineum,5,HUFU,54854,Costa Rica,Mato Grosso do Sul
INPA0041527,17,Piper+aleyreanum,5,INPA,43805,Aripuanã,Mato Grosso
INPA0041551,19,Piper+anonifolium,5,INPA,43840,Aripuanã,Mato Grosso
INPA0041552,19,Piper+anonifolium,5,INPA,43842,Aripuanã,Mato Grosso
INPA0041560_e1,10,Peperomia+macrostachya,5,INPA,43284,Aripuanã,Mato Grosso
INPA0041654,19,Piper+anonifolium,5,INPA,43824,,Mato Grosso
INPA0041698_e1,10,Peperomia+macrostachya,5,INPA,43285,Aripuanã,Mato Grosso
INPA0041699_e1,10,Peperomia+macrostachya,5,INPA,43286,Aripuanã,Mato Grosso
INPA0041809,27,Piper+dilatatum,5,INPA,44388,Aripuanã,Mato Grosso
INPA0042516,20,Piper+arboreum,5,INPA,45587,Chapada dos Guimarães,Mato Grosso
INPA0042602_e1,6,Peperomia+elongata,5,INPA,43183,,Mato Grosso
INPA0042745,5,Peperomia+circinnata,5,INPA,43147,,Mato Grosso
INPA0043387_e1,10,Peperomia+macrostachya,5,INPA,43288,Aripuanã,Mato Grosso
INPA0052303,14,Peperomia+velloziana,5,INPA,43457,,Distrito Federal
INPA0052304,8,Peperomia+gardneriana,5,INPA,45435,Brasília,Distrito Federal
INPA0053035_e1,20,Piper+arboreum,5,INPA,43895,Aripuanã,Mato Grosso
INPA0053053_e1,5,Peperomia+circinnata,5,INPA,43145,Aripuanã,Mato Grosso
INPA0053104_e1,6,Peperomia+elongata,5,INPA,43184,Aripuanã,Mato Grosso
INPA0062642,12,Peperomia+pereskiaefolia,5,INPA,45353,Cuiabá,Mato Grosso
INPA0064509,27,Piper+dilatatum,5,INPA,44389,Aripuanã,Mato Grosso
INPA0083541_e1,12,Peperomia+pereskiaefolia,5,INPA,45872,Barão de Melgaço,Mato Grosso
INPA0083548_e1,23,Piper+callosum,5,INPA,45298,Barão de Melgaço,Mato Grosso
INPA0093481,15,Piper+aduncum,5,INPA,43752,,Goiás
INPA0094447,15,Piper+aduncum,5,INPA,43744,,Distrito Federal
INPA0094448,37,Piper+regnellii,5,INPA,45152,,Distrito Federal
INPA0094449,38,Piper+tectoniifolium,5,INPA,45217,,Distrito Federal
INPA0094451,37,Piper+regnellii,5,INPA,45338,Brasília,Distrito Federal
INPA0094460,38,Piper+tectoniifolium,5,INPA,45218,,Distrito Federal
INPA0094462_e1,4,Peperomia+campinasana,5,INPA,45423,Brasília,Distrito Federal
INPA0094465,37,Piper+regnellii,5,INPA,45155,,Distrito Federal
INPA0094470,29,Piper+fuligineum,5,INPA,45297,Brasília,Distrito Federal
INPA0094473,20,Piper+arboreum,5,INPA,43913,,Distrito Federal
INPA0094480,24,Piper+cernuum,5,INPA,44192,,Distrito Federal
INPA0094485,20,Piper+arboreum,5,INPA,43931,,Distrito Federal
INPA0094487,15,Piper+aduncum,5,INPA,43753,,Mato Grosso
INPA0094489,20,Piper+arboreum,5,INPA,43932,,Goiás
INPA0094491,15,Piper+aduncum,5,INPA,43754,,Goiás
INPA0094496,26,Piper+cuyabanum,5,INPA,44290,,Goiás
INPA0094500,29,Piper+fuligineum,5,INPA,44527,,Distrito Federal
INPA0094735,33,Piper+macedoi,5,INPA,45331,Brasília,Distrito Federal
INPA0094737,30,Piper+gaudichaudianum,5,INPA,44541,,Distrito Federal
INPA0094738_1,26,Piper+cuyabanum,5,INPA,44292,,Goiás
INPA0094739,20,Piper+arboreum,5,INPA,43922,,Goiás
INPA0094742,15,Piper+aduncum,5,INPA,43759,,Goiás
INPA0105687_e1,10,Peperomia+macrostachya,5,INPA,43219,,Mato Grosso
INPA0105707_e1,10,Peperomia+macrostachya,5,INPA,43220,,Mato Grosso
INPA0112892,37,Piper+regnellii,5,INPA,45151,Alto Araguaia,Mato Grosso
INPA0112944,20,Piper+arboreum,5,INPA,43853,Diamantino,Mato Grosso
INPA0119816,27,Piper+dilatatum,5,INPA,45501,Presidente Kennedy,Goiás
INPA0119823,15,Piper+aduncum,5,INPA,43690,Presidente Kennedy,Goiás
INPA0119854,27,Piper+dilatatum,5,INPA,45500,Presidente Kennedy,Goiás
INPA0119882,39,Piper+tuberculatum,5,INPA,45499,Presidente Kennedy,Goiás
INPA0131303,26,Piper+cuyabanum,5,INPA,44288,,Mato Grosso
INPA0137783,20,Piper+arboreum,5,INPA,43861,Nobres,Mato Grosso
INPA0137907,23,Piper+callosum,5,INPA,44116,Alta Floresta,Mato Grosso
INPA0137909,19,Piper+anonifolium,5,INPA,43835,Alta Floresta,Mato Grosso
INPA0139799,20,Piper+arboreum,5,INPA,45345,Brasília,Distrito Federal
INPA0139884,30,Piper+gaudichaudianum,5,INPA,45366,Brasília,Distrito Federal
INPA0150367_e1,22,Piper+caldense,5,INPA,45527,Sinop,Mato Grosso
INPA0150587_e1,17,Piper+aleyreanum,5,INPA,43794,Alta Floresta,Mato Grosso
INPA0150850_e1,32,Piper+hispidum,5,INPA,45878,Santa Terezinha,Mato Grosso
INPA0150893_e1,29,Piper+fuligineum,5,INPA,44534,Luciara,Mato Grosso
INPA0151026_1,36,Piper+ovatum,5,INPA,45020,Cuiabá,Mato Grosso
INPA0151027_e1,20,Piper+arboreum,5,INPA,43863,Cuiabá,Mato Grosso
INPA0151211_e1,21,Piper+cachimboense,5,INPA,44109,Jauru & Pontes e Lacerda,Mato Grosso
INPA0152012,27,Piper+dilatatum,5,INPA,44383,,Mato Grosso
INPA0152025,6,Peperomia+elongata,5,INPA,45618,Luciara,Mato Grosso
INPA0156068_e1,10,Peperomia+macrostachya,5,INPA,43241,Juína,Mato Grosso
INPA0172240_e1,10,Peperomia+macrostachya,5,INPA,43246,,Mato Grosso
INPA0176850,20,Piper+arboreum,5,INPA,45706,Paranatinga,Mato Grosso
INPA0176981,22,Piper+caldense,5,INPA,45528,Alta Floresta,Mato Grosso
INPA0196692,23,Piper+callosum,5,INPA,44127,,Mato Grosso
INPA0196713,10,Peperomia+macrostachya,5,INPA,43264,Sapezal,Mato Grosso
INPA0204406,32,Piper+hispidum,5,INPA,45309,Brasília,Distrito Federal
INPA0205187,36,Piper+ovatum,5,INPA,45308,Brasília,Distrito Federal
INPA0205936_e1,15,Piper+aduncum,5,INPA,45316,Brasília,Distrito Federal
INPA0211086_e1,24,Piper+cernuum,5,INPA,45804,Jauru,Mato Grosso
INPA0211093,21,Piper+cachimboense,5,INPA,45805,Jauru,Mato Grosso
MBM021828,32,Piper+hispidum,5,MBM,8995,Rio Brilhante,Mato Grosso
MBM021830,20,Piper+arboreum,5,MBM,8814,Campo Grande,Mato Grosso
MBM021831,20,Piper+arboreum,5,MBM,9513,Aquidauana,Mato Grosso do Sul
MBM021832,26,Piper+cuyabanum,5,MBM,8898,Rio Brilhante,Mato Grosso
MBM021833,18,Piper+amalago,5,MBM,9544,Rio Brilhante,Mato Grosso do Sul
MBM021842,26,Piper+cuyabanum,5,MBM,8899,Anastácio,Mato Grosso
MBM021847,29,Piper+fuligineum,5,MBM,8934,Rio Brilhante,Mato Grosso
MBM021848,20,Piper+arboreum,5,MBM,9511,Aquidauana,Mato Grosso do Sul
MBM021849,2,Peperomia+arifolia,5,MBM,9512,Aquidauana,Mato Grosso do Sul
MBM025340,26,Piper+cuyabanum,5,MBM,9488,Cuiabá,Mato Grosso
MBM033185,20,Piper+arboreum,5,MBM,8816,Rio Verde,Mato Grosso
MBM033191,37,Piper+regnellii,5,MBM,9479,Alto Araguaia,Mato Grosso
MBM033192,20,Piper+arboreum,5,MBM,9469,Maurilândia,Goiás
MBM033211,20,Piper+arboreum,5,MBM,9480,Alto Araguaia,Mato Grosso
MBM033221,37,Piper+regnellii,5,MBM,9477,Alto Araguaia,Mato Grosso
MBM037588,20,Piper+arboreum,5,MBM,9463,Cavalcante,Goiás
MBM037597,15,Piper+aduncum,5,MBM,9307,Cavalcante,Goiás
MBM037873,35,Piper+mollicomum,5,MBM,9094,Conceição do Mato Dentro,Mato Grosso
MBM044925,39,Piper+tuberculatum,5,MBM,9159,Rio Paraná,Mato Grosso
MBM047197,41,Piper+viminifolium,5,MBM,9467,Ipameri,Goiás
MBM047198,26,Piper+cuyabanum,5,MBM,9487,Chapada dos Guimarães,Mato Grosso
MBM050387,20,Piper+arboreum,5,MBM,8844,,Distrito Federal
MBM050389,40,Piper+umbellatum,5,MBM,9192,,Distrito Federal
MBM050393,29,Piper+fuligineum,5,MBM,9460,Caiapônia,Goiás
MBM050394,20,Piper+arboreum,5,MBM,9461,Caiapônia,Goiás
MBM050396,20,Piper+arboreum,5,MBM,8845,,Distrito Federal
MBM052312,15,Piper+aduncum,5,MBM,8708,,Goiás
MBM056204,5,Peperomia+circinnata,5,MBM,9455,Alvorada do Norte,Goiás
MBM057465,39,Piper+tuberculatum,5,MBM,9457,Aruanã,Goiás
MBM065915,24,Piper+cernuum,5,MBM,8871,,Distrito Federal
MBM065918,3,Peperomia+blanda,5,MBM,8418,,Distrito Federal
MBM065925,29,Piper+fuligineum,5,MBM,8935,,Goiás
MBM065931,13,Peperomia+tetraphylla,5,MBM,8588,João da Chapada,Goiás
MBM065933,15,Piper+aduncum,5,MBM,9464,Corumbá de Goiás,Goiás
MBM065934,15,Piper+aduncum,5,MBM,9462,Catalão,Goiás
MBM065935,20,Piper+arboreum,5,MBM,9459,Caiapônia,Goiás
MBM065936,16,Piper+aequale,5,MBM,8727,,Distrito Federal
MBM065937,20,Piper+arboreum,5,MBM,8843,,Distrito Federal
MBM065938,28,Piper+divaricatum,5,MBM,8924,Garapu,Mato Grosso
MBM065939,33,Piper+macedoi,5,MBM,9050,,Distrito Federal
MBM065940,37,Piper+regnellii,5,MBM,9120,,Distrito Federal
MBM065942,30,Piper+gaudichaudianum,5,MBM,8973,,Distrito Federal
MBM065943,36,Piper+ovatum,5,MBM,9108,,Distrito Federal
MBM065944,26,Piper+cuyabanum,5,MBM,8901,,Goiás
MBM065945,20,Piper+arboreum,5,MBM,8846,,Distrito Federal
MBM065949,20,Piper+arboreum,5,MBM,8847,,Goiás
MBM065951,27,Piper+dilatatum,5,MBM,8910,,Mato Grosso
MBM065953,33,Piper+macedoi,5,MBM,9051,,Distrito Federal
MBM065954,20,Piper+arboreum,5,MBM,8837,,Distrito Federal
MBM065955,15,Piper+aduncum,5,MBM,9458,Caiapônia,Goiás
MBM065957,18,Piper+amalago,5,MBM,8772,,Goiás
MBM065958,37,Piper+regnellii,5,MBM,9121,,Distrito Federal
MBM065959,37,Piper+regnellii,5,MBM,9122,,Distrito Federal
MBM065964,31,Piper+glabratum,5,MBM,8981,,Distrito Federal
MBM068361,29,Piper+fuligineum,5,MBM,9483,Barra do Garças,Mato Grosso
MBM068366,42,Piper+xylosteoides,5,MBM,9219,Alto Paraíso,Goiás
MBM072519,15,Piper+aduncum,5,MBM,8714,Araguaína,Goiás
MBM079471,26,Piper+cuyabanum,5,MBM,9542,Rio Brilhante,Mato Grosso do Sul
MBM082695,34,Piper+miquelianum,5,MBM,9540,Ponta Porã,Mato Grosso do Sul
MBM086395,37,Piper+regnellii,5,MBM,9123,,Distrito Federal
MBM089704,5,Peperomia+circinnata,5,MBM,9503,Amambai,Mato Grosso do Sul
MBM104054,31,Piper+glabratum,5,MBM,9508,Antônio João,Mato Grosso do Sul
MBM122290,32,Piper+hispidum,5,MBM,9534,Eldorado,Mato Grosso do Sul
MBM142377,33,Piper+macedoi,5,MBM,9525,Corumbá,Mato Grosso do Sul
MBM143119,32,Piper+hispidum,5,MBM,9500,Amambai,Mato Grosso do Sul
MBM143120,31,Piper+glabratum,5,MBM,9535,Iguatemi,Mato Grosso do Sul
MBM143150,5,Peperomia+circinnata,5,MBM,9530,Eldorado,Mato Grosso do Sul
MBM143151,2,Peperomia+arifolia,5,MBM,9501,Amambai,Mato Grosso do Sul
MBM151507,15,Piper+aduncum,5,MBM,9521,Bonito,Mato Grosso do Sul
MBM176383,3,Peperomia+blanda,5,MBM,9492,Jauru,Mato Grosso
MBM176384,26,Piper+cuyabanum,5,MBM,9493,Jauru,Mato Grosso
MBM176389,31,Piper+glabratum,5,MBM,9507,Anastácio,Mato Grosso do Sul
MBM176390,11,Peperomia+pellucida,5,MBM,9497,Porto Estrela,Mato Grosso
MBM180869,21,Piper+cachimboense,5,MBM,8854,Ponte Preta,Mato Grosso
MBM180870,20,Piper+arboreum,5,MBM,9494,Jauru,Mato Grosso
MBM185709,42,Piper+xylosteoides,5,MBM,9498,Porto Estrela,Mato Grosso
MBM185710,5,Peperomia+circinnata,5,MBM,9499,Salto do Céu,Mato Grosso
MBM185713,20,Piper+arboreum,5,MBM,9546,Sonora,Mato Grosso do Sul
MBM185990,29,Piper+fuligineum,5,MBM,9482,Barra do Bugres,Mato Grosso
MBM198026,29,Piper+fuligineum,5,MBM,9523,Cassilândia,Mato Grosso do Sul
MBM198029,15,Piper+aduncum,5,MBM,9539,Paranaíba,Mato Grosso do Sul
MBM198744,32,Piper+hispidum,5,MBM,9456,Aporé,Goiás
MBM204322,26,Piper+cuyabanum,5,MBM,8897,Porto Esperidião,Mato Grosso do Sul
MBM204323,15,Piper+aduncum,5,MBM,9496,Porto Esperidião,Mato Grosso
MBM204326,23,Piper+callosum,5,MBM,8866,Vila Bela da SS. Trindade,Mato Grosso
MBM215047,20,Piper+arboreum,5,MBM,9495,Pontes e Lacerda,Mato Grosso
MBM223049,12,Peperomia+pereskiaefolia,5,MBM,9486,Chapada dos Guimarães,Mato Grosso
MBM223052,26,Piper+cuyabanum,5,MBM,9515,Bela Vista,Mato Grosso do Sul
MBM249826,15,Piper+aduncum,5,MBM,9489,Cuiabá,Mato Grosso
MBM250545,7,Peperomia+galioides,5,MBM,9475,Pirenópolis,Goiás
MBM272430,32,Piper+hispidum,5,MBM,9517,Bodoquena,Mato Grosso do Sul
MBM275879,26,Piper+cuyabanum,5,MBM,9522,Bonito,Mato Grosso do Sul
MBM281504,26,Piper+cuyabanum,5,MBM,9541,Porto Murtinho,Mato Grosso do Sul
MBM281506,26,Piper+cuyabanum,5,MBM,9518,Bonito,Mato Grosso do Sul
MBM284512,32,Piper+hispidum,5,MBM,9533,Eldorado,Mato Grosso do Sul
MBM289532,32,Piper+hispidum,5,MBM,9532,Eldorado,Mato Grosso do Sul
MBM295061,31,Piper+glabratum,5,MBM,9536,Iguatemi,Mato Grosso do Sul
MBM299065,20,Piper+arboreum,5,MBM,9548,Três Lagoas,Mato Grosso do Sul
MBM312439,39,Piper+tuberculatum,5,MBM,9538,Miranda,Mato Grosso do Sul
MBM312442,28,Piper+divaricatum,5,MBM,9545,Rio Negro,Mato Grosso do Sul
MBM318977,25,Piper+crassinervium,5,MBM,9505,Amambai,Mato Grosso do Sul
MBM319260,37,Piper+regnellii,5,MBM,9509,Antônio João,Mato Grosso do Sul
MBM319262,31,Piper+glabratum,5,MBM,9510,Antônio João,Mato Grosso do Sul
MBM323035,39,Piper+tuberculatum,5,MBM,9526,Corumbá,Mato Grosso do Sul
MBM323036,26,Piper+cuyabanum,5,MBM,9527,Corumbá,Mato Grosso do Sul
MBM323038,26,Piper+cuyabanum,5,MBM,8900,Rio Verde,Mato Grosso do Sul
MBM343049,15,Piper+aduncum,5,MBM,9471,Mossâmedes,Goiás
MBM343050,26,Piper+cuyabanum,5,MBM,9473,Mossâmedes,Goiás
MBM343084,20,Piper+arboreum,5,MBM,9472,Mossâmedes,Goiás
MBM348469,15,Piper+aduncum,5,MBM,8697,Pirenópolis,Goiás
MBM348470,20,Piper+arboreum,5,MBM,8831,Goiânia,Goiás
MBM351753,39,Piper+tuberculatum,5,MBM,9516,Bodoquena,Mato Grosso do Sul
MBM377365,39,Piper+tuberculatum,5,MBM,9485,Cáceres,Mato Grosso
MBM377371,39,Piper+tuberculatum,5,MBM,9484,Cáceres,Mato Grosso
MBM423431,5,Peperomia+circinnata,5,MBM,8437,Pirenópolis,Goiás
NL-U1481224,14,Peperomia+velloziana,5,NL,2213,,Distrito Federal
NL-U1481225,14,Peperomia+velloziana,5,NL,2214,,Goiás
NL-U1483794,28,Piper+divaricatum,5,NL,4000,,Goiás
NL-U1490887,20,Piper+arboreum,5,NL,4565,,Mato Grosso
NL-U1490891,20,Piper+arboreum,5,NL,479,,Distrito Federal
NL-U1490892,20,Piper+arboreum,5,NL,486,,Distrito Federal
NL-U1490897,20,Piper+arboreum,5,NL,3132,,Mato Grosso
NY00555229_01,13,Peperomia+tetraphylla,5,NY,37505,Alto Paraíso de Goiás Mun.,Goiás
NY00555674_01,18,Piper+amalago,5,NY,39914,Rio Brilhante Mun.,Mato Grosso do Sul
NY00556013_01,22,Piper+caldense,5,NY,31633,,Distrito Federal
NY00556035_01,23,Piper+callosum,5,NY,31711,,Mato Grosso
NY00556334_01,29,Piper+fuligineum,5,NY,37238,Luciára Mun.,Mato Grosso
NY00556586_01,31,Piper+glabratum,5,NY,36403,,Mato Grosso do Sul
NY00556927_01,34,Piper+miquelianum,5,NY,34176,Amambai Mun.,Mato Grosso do Sul
NY00556960_01,34,Piper+miquelianum,5,NY,37813,Amambai Mun.,Mato Grosso do Sul
NY00557018_01,35,Piper+mollicomum,5,NY,34198,,Distrito Federal
NY00557096_01,36,Piper+ovatum,5,NY,37494,Cuiabá Mun.,Mato Grosso
NY00557106_01,36,Piper+ovatum,5,NY,36779,Dourados Mun.,Mato Grosso do Sul
NY00557167_01,37,Piper+regnellii,5,NY,36087,,Distrito Federal
NY00557303_01,38,Piper+tectoniifolium,5,NY,35375,,Distrito Federal
NY00557382_01,41,Piper+viminifolium,5,NY,40634,Caldas Novas Mun.,Goiás
NY00557696_01,29,Piper+fuligineum,5,NY,37075,Bataguassu Mun.,Mato Grosso do Sul
NY00558730_01,2,Peperomia+arifolia,5,NY,38763,Itaberaí Mun.,Goiás
NY00558731_01,2,Peperomia+arifolia,5,NY,39351,Aquidauana Mun.,Mato Grosso do Sul
NY00558732_01,2,Peperomia+arifolia,5,NY,37246,Amambai Mun.,Mato Grosso do Sul
NY00558797_01,3,Peperomia+blanda,5,NY,26617,,Distrito Federal
NY00558821_01,4,Peperomia+campinasana,5,NY,26679,,Distrito Federal
NY00559006_01,5,Peperomia+circinnata,5,NY,26766,,Mato Grosso do Sul
NY00559119_01,8,Peperomia+gardneriana,5,NY,27189,,Distrito Federal
NY00559383_01,9,Peperomia+loxensis,5,NY,37515,Alto Paraíso de Goiás Mun.,Goiás
NY00679947_01,5,Peperomia+circinnata,5,NY,26777,,Distrito Federal
NY00679948_01,8,Peperomia+gardneriana,5,NY,27199,,Distrito Federal
NY00679950_01,15,Piper+aduncum,5,NY,30405,,Distrito Federal
NY00679951_01,18,Piper+amalago,5,NY,30586,Antônio João Mun.,Mato Grosso do Sul
NY00679953_01,14,Peperomia+velloziana,5,NY,29673,,Distrito Federal
NY00679955_01,39,Piper+tuberculatum,5,NY,37271,Cocalzinho de Goiás Mun.,Goiás
NY00679957_01,14,Peperomia+velloziana,5,NY,29686,Cocalzinho de Goiás Mun.,Goiás
NY00679958_01,8,Peperomia+gardneriana,5,NY,36833,Cocalzinho de Goiás Mun.,Goiás
NY00679959_01,7,Peperomia+galioides,5,NY,39331,Cocalzinho de Goiás Mun.,Goiás
NY00679960_01,7,Peperomia+galioides,5,NY,40467,Corumbá de Goiás Mun.,Goiás
NY00885318_01,15,Piper+aduncum,5,NY,38795,Cavalcante Mun.,Goiás
NY00933054_01,15,Piper+aduncum,5,NY,30208,,Distrito Federal
NY00933076_01,15,Piper+aduncum,5,NY,30214,,Distrito Federal
NY00933077_01,20,Piper+arboreum,5,NY,31029,,Distrito Federal
NY00933163_01,36,Piper+ovatum,5,NY,34508,,Distrito Federal
NY00933164_01,25,Piper+crassinervium,5,NY,32038,,Distrito Federal
NY00933165_01,29,Piper+fuligineum,5,NY,32687,,Distrito Federal
NY00933186_01,36,Piper+ovatum,5,NY,34502,,Distrito Federal
NY00933187_01,30,Piper+gaudichaudianum,5,NY,32735,,Distrito Federal
NY00933188_01,20,Piper+arboreum,5,NY,31030,,Distrito Federal
NY00933189_01,15,Piper+aduncum,5,NY,30215,,Distrito Federal
NY00934634_01,27,Piper+dilatatum,5,NY,39545,Mossâmedes Mun.,Goiás
NY00934635_01,27,Piper+dilatatum,5,NY,32308,,Distrito Federal
NY00934636_01,15,Piper+aduncum,5,NY,30216,,Distrito Federal
NY00934713_01,15,Piper+aduncum,5,NY,30213,,Distrito Federal
NY00934714_01,15,Piper+aduncum,5,NY,30219,,Distrito Federal
NY00934764_01,16,Piper+aequale,5,NY,30444,,Distrito Federal
NY00934765_01,16,Piper+aequale,5,NY,30445,,Distrito Federal
NY00934766_01,16,Piper+aequale,5,NY,30446,,Distrito Federal
NY00934849_01,36,Piper+ovatum,5,NY,34503,,Distrito Federal
NY00934850_01,27,Piper+dilatatum,5,NY,32309,,Distrito Federal
NY00934851_01,38,Piper+tectoniifolium,5,NY,35376,,Distrito Federal
NY00934853_01,37,Piper+regnellii,5,NY,34899,,Distrito Federal
NY00934854_01,22,Piper+caldense,5,NY,31635,,Distrito Federal
NY00934855_01,29,Piper+fuligineum,5,NY,32684,,Distrito Federal
NY00934916_01,27,Piper+dilatatum,5,NY,36977,Cavalcante Mun.,Goiás
NY00934917_01,20,Piper+arboreum,5,NY,36979,Cavalcante Mun.,Goiás
NY00934918_01,20,Piper+arboreum,5,NY,31031,,Distrito Federal
NY00934919_01,27,Piper+dilatatum,5,NY,37416,Cavalcante Mun.,Goiás
NY00934920_01,27,Piper+dilatatum,5,NY,37280,Colinas do Sul Mun.,Goiás
NY00934921_01,37,Piper+regnellii,5,NY,34900,,Distrito Federal
NY00934938_01,41,Piper+viminifolium,5,NY,37597,Corumbaíba Mun.,Goiás
NY00934939_01,32,Piper+hispidum,5,NY,37598,Corumbaíba Mun.,Goiás
NY00934940_01,20,Piper+arboreum,5,NY,38854,Ipameri Mun.,Goiás
NY00934941_01,32,Piper+hispidum,5,NY,38855,Ipameri Mun.,Goiás
NY00934942_01,32,Piper+hispidum,5,NY,37901,Colinas do Sul Mun.,Goiás
NY00934943_01,27,Piper+dilatatum,5,NY,32310,,Distrito Federal
NY00934944_01,27,Piper+dilatatum,5,NY,37487,Colinas do Sul Mun.,Goiás
NY00934945_01,27,Piper+dilatatum,5,NY,36812,Colinas do Sul Mun.,Goiás
NY00934946_01,37,Piper+regnellii,5,NY,37279,Colinas do Sul Mun.,Goiás
NY00935118_01,20,Piper+arboreum,5,NY,31025,,Distrito Federal
NY00935119_01,20,Piper+arboreum,5,NY,38104,Campinaçu Mun.,Goiás
NY00935120_01,29,Piper+fuligineum,5,NY,38796,Cavalcante Mun.,Goiás
NY00935143_01,20,Piper+arboreum,5,NY,31026,,Distrito Federal
NY00935144_01,20,Piper+arboreum,5,NY,36978,Cavalcante Mun.,Goiás
NY00935145_01,29,Piper+fuligineum,5,NY,36818,Colinas do Sul Mun.,Goiás
NY00935226_01,36,Piper+ovatum,5,NY,34504,,Distrito Federal
NY00935228_01,2,Peperomia+arifolia,5,NY,36823,Caldas Novas Mun.,Goiás
NY00956847_01,24,Piper+cernuum,5,NY,31801,,Distrito Federal
NY00956848_01,24,Piper+cernuum,5,NY,31806,,Distrito Federal
NY00956849_01,24,Piper+cernuum,5,NY,31807,,Distrito Federal
NY00956869_01,2,Peperomia+arifolia,5,NY,40331,Caiapônia Mun.,Goiás
NY00956870_01,2,Peperomia+arifolia,5,NY,37245,Amambai Mun.,Mato Grosso do Sul
NY00956873_01,5,Peperomia+circinnata,5,NY,39717,Alvorada do Norte Mun.,Goiás
NY00956875_01,4,Peperomia+campinasana,5,NY,26680,,Distrito Federal
NY00956876_01,4,Peperomia+campinasana,5,NY,26681,,Distrito Federal
NY00956877_01,4,Peperomia+campinasana,5,NY,26682,,Distrito Federal
NY00956914_01,6,Peperomia+elongata,5,NY,26970,,Distrito Federal
NY00956915_01,6,Peperomia+elongata,5,NY,26971,,Distrito Federal
NY00956916_01,6,Peperomia+elongata,5,NY,37556,Catalão Mun.,Goiás
NY00956917_01,6,Peperomia+elongata,5,NY,40411,Canarana Mun.,Mato Grosso
NY00956918_01,6,Peperomia+elongata,5,NY,40414,Barra do Garças Mun.,Mato Grosso
NY00956919_01,6,Peperomia+elongata,5,NY,26972,,Mato Grosso
NY00956920_01,6,Peperomia+elongata,5,NY,26966,Terenos Mun.,Mato Grosso do Sul
NY00956929_01,7,Peperomia+galioides,5,NY,40462,Corumbá de Goiás Mun.,Goiás
NY00956930_01,7,Peperomia+galioides,5,NY,37501,Alto Paraíso de Goiás Mun.,Goiás
NY00956931_01,7,Peperomia+galioides,5,NY,37205,Corumbá de Goiás Mun.,Goiás
NY00956935_01,8,Peperomia+gardneriana,5,NY,27190,,Distrito Federal
NY00956936_01,8,Peperomia+gardneriana,5,NY,27191,,Distrito Federal
NY00956937_01,8,Peperomia+gardneriana,5,NY,27192,,Distrito Federal
NY00956951_01,9,Peperomia+loxensis,5,NY,37514,Alto Paraíso de Goiás Mun.,Goiás
NY00956952_01,9,Peperomia+loxensis,5,NY,27618,,Distrito Federal
NY00956953_01,9,Peperomia+loxensis,5,NY,37507,Alto Paraíso de Goiás Mun.,Goiás
NY00956954_01,9,Peperomia+loxensis,5,NY,27624,,Distrito Federal
NY00956955_01,9,Peperomia+loxensis,5,NY,27614,,Distrito Federal
NY00956956_01,9,Peperomia+loxensis,5,NY,40333,Jataí Mun.,Goiás
NY00956957_01,9,Peperomia+loxensis,5,NY,27615,,Distrito Federal
NY00956958_01,9,Peperomia+loxensis,5,NY,27616,,Distrito Federal
NY00956962_01,10,Peperomia+macrostachya,5,NY,37299,,Mato Grosso
NY00956964_01,10,Peperomia+macrostachya,5,NY,38263,,Mato Grosso
NY00956965_01,10,Peperomia+macrostachya,5,NY,39665,,Mato Grosso
NY00956971_01,10,Peperomia+macrostachya,5,NY,38103,Camapuã Mun.,Mato Grosso do Sul
NY00956973_01,10,Peperomia+macrostachya,5,NY,36939,,Mato Grosso
NY00956974_01,10,Peperomia+macrostachya,5,NY,27629,Vila Bela da Santíssima Trindade Mun.,Mato Grosso
NY00956975_01,10,Peperomia+macrostachya,5,NY,37766,Luciára Mun.,Mato Grosso
NY00957020_01,13,Peperomia+tetraphylla,5,NY,37504,Alto Paraíso de Goiás Mun.,Goiás
NY00957026_01,13,Peperomia+tetraphylla,5,NY,37508,Alto Paraíso de Goiás Mun.,Goiás
NY00957027_01,13,Peperomia+tetraphylla,5,NY,37512,Alto Paraíso de Goiás Mun.,Goiás
NY00957042_01,13,Peperomia+tetraphylla,5,NY,37513,Alto Paraíso de Goiás Mun.,Goiás
NY00957058_01,14,Peperomia+velloziana,5,NY,29676,,Distrito Federal
NY00957069_01,15,Piper+aduncum,5,NY,37510,Alto Paraíso de Goiás Mun.,Goiás
NY00957070_01,15,Piper+aduncum,5,NY,37502,Teresina de Goiás Mun.,Goiás
NY00957071_01,15,Piper+aduncum,5,NY,37254,São João d'Aliança Mun.,Goiás
NY00957072_01,15,Piper+aduncum,5,NY,30220,,Mato Grosso
NY00957073_01,15,Piper+aduncum,5,NY,40342,Caiapônia Mun.,Goiás
NY00957074_01,15,Piper+aduncum,5,NY,30221,,Mato Grosso
NY00957076_01,15,Piper+aduncum,5,NY,37622,Caiapônia Mun.,Goiás
NY00957077_01,15,Piper+aduncum,5,NY,30217,Jataí,Goiás
NY00957078_01,15,Piper+aduncum,5,NY,30218,,Distrito Federal
NY00957079_01,15,Piper+aduncum,5,NY,30226,,Distrito Federal
NY00957080_01,15,Piper+aduncum,5,NY,40463,Abadiânia Mun.,Goiás
NY00957081_01,15,Piper+aduncum,5,NY,37506,Alto Paraíso de Goiás Mun.,Goiás
NY00957082_01,15,Piper+aduncum,5,NY,30227,,Mato Grosso
NY00957083_01,15,Piper+aduncum,5,NY,37237,Cocalzinho de Goiás Mun.,Goiás
NY00957085_01,15,Piper+aduncum,5,NY,37503,Cavalcante Mun.,Goiás
NY00957086_01,15,Piper+aduncum,5,NY,37517,Cavalcante Mun.,Goiás
NY00957087_01,15,Piper+aduncum,5,NY,37554,Catalão Mun.,Goiás
NY00957090_01,15,Piper+aduncum,5,NY,39715,Corumbá de Goiás Mun.,Goiás
NY00957092_01,15,Piper+aduncum,5,NY,37202,Niquelândia Mun.,Goiás
NY00957094_01,15,Piper+aduncum,5,NY,30224,,Mato Grosso
NY00957095_01,15,Piper+aduncum,5,NY,40339,Caiapônia Mun.,Goiás
NY00957097_01,15,Piper+aduncum,5,NY,30228,,Distrito Federal
NY00957101_01,15,Piper+aduncum,5,NY,30231,,Goiás
NY00957106_01,15,Piper+aduncum,5,NY,37833,Goiânia Mun.,Goiás
NY00957107_01,15,Piper+aduncum,5,NY,37832,Goiânia Mun.,Goiás
NY00957108_01,15,Piper+aduncum,5,NY,30233,,Distrito Federal
NY00957113_01,15,Piper+aduncum,5,NY,30235,Santo Antônio do Descoberto,Goiás
NY00957114_01,15,Piper+aduncum,5,NY,30241,Caldas Novas Mun.,Goiás
NY00957115_01,15,Piper+aduncum,5,NY,36778,Corumbá de Goiás Mun.,Goiás
NY00957116_01,15,Piper+aduncum,5,NY,39069,,Mato Grosso do Sul
NY00957117_01,15,Piper+aduncum,5,NY,30240,,Distrito Federal
NY00957119_01,15,Piper+aduncum,5,NY,38305,Nova Xavantina Mun.,Mato Grosso
NY00957120_01,15,Piper+aduncum,5,NY,30422,,Mato Grosso
NY00957122_01,16,Piper+aequale,5,NY,40477,Mossâmedes Mun.,Goiás
NY00957123_01,16,Piper+aequale,5,NY,30440,,Distrito Federal
NY00957124_01,16,Piper+aequale,5,NY,30441,,Distrito Federal
NY00957125_01,16,Piper+aequale,5,NY,40465,Corumbá de Goiás Mun.,Goiás
NY00957127_01,16,Piper+aequale,5,NY,37509,Alto Paraíso de Goiás Mun.,Goiás
NY00957128_01,16,Piper+aequale,5,NY,30442,,Distrito Federal
NY00957129_01,16,Piper+aequale,5,NY,30449,,Distrito Federal
NY00957130_01,16,Piper+aequale,5,NY,30447,,Distrito Federal
NY00957131_01,16,Piper+aequale,5,NY,30448,,Distrito Federal
NY00957132_01,17,Piper+aleyreanum,5,NY,37620,Alta Floresta Mun.,Mato Grosso
NY00957133_01,17,Piper+aleyreanum,5,NY,29460,Aripuanã Mun.,Mato Grosso
NY00957134_01,17,Piper+aleyreanum,5,NY,40069,Matupá Mun.,Mato Grosso
NY00957144_01,18,Piper+amalago,5,NY,36832,Cocalzinho de Goiás Mun.,Goiás
NY00957148_01,18,Piper+amalago,5,NY,30598,,Mato Grosso
NY00957150_01,18,Piper+amalago,5,NY,30592,,Mato Grosso do Sul
NY00957153_01,19,Piper+anonifolium,5,NY,36941,,Mato Grosso
NY00957154_01,19,Piper+anonifolium,5,NY,36940,,Mato Grosso
NY00957155_01,19,Piper+anonifolium,5,NY,38809,,Mato Grosso
NY00957156_01,19,Piper+anonifolium,5,NY,38072,Matupá Mun.,Mato Grosso
NY00957157_01,19,Piper+anonifolium,5,NY,39680,,Mato Grosso
NY00957171_01,20,Piper+arboreum,5,NY,30843,,Distrito Federal
NY00957172_01,20,Piper+arboreum,5,NY,30844,,Distrito Federal
NY00957173_01,20,Piper+arboreum,5,NY,30848,,Distrito Federal
NY00957174_01,20,Piper+arboreum,5,NY,30849,,Distrito Federal
NY00957175_01,20,Piper+arboreum,5,NY,30854,,Distrito Federal
NY00957176_01,20,Piper+arboreum,5,NY,30855,,Distrito Federal
NY00957177_01,20,Piper+arboreum,5,NY,30856,,Distrito Federal
NY00957178_01,20,Piper+arboreum,5,NY,30850,,Distrito Federal
NY00957184_01,20,Piper+arboreum,5,NY,40277,Rio Verde de Mato Grosso Mun.,Mato Grosso do Sul
NY00957185_01,20,Piper+arboreum,5,NY,39666,Alto Araguaia Mun.,Mato Grosso
NY00957186_01,20,Piper+arboreum,5,NY,38117,Cavalcante Mun.,Goiás
NY00957193_01,20,Piper+arboreum,5,NY,30857,,Distrito Federal
NY00957195_01,20,Piper+arboreum,5,NY,40776,Chapada dos Guimarães Mun.,Mato Grosso
NY00957196_01,20,Piper+arboreum,5,NY,40679,Canarana Mun.,Mato Grosso
NY00957197_01,20,Piper+arboreum,5,NY,40415,Nova Xavantina Mun.,Mato Grosso
NY00957217_01,20,Piper+arboreum,5,NY,39446,Goiânia Mun.,Goiás
NY00957218_01,20,Piper+arboreum,5,NY,36086,,Mato Grosso
NY00957219_01,20,Piper+arboreum,5,NY,30875,,Distrito Federal
NY00957220_01,20,Piper+arboreum,5,NY,30876,,Goiás
NY00957221_01,20,Piper+arboreum,5,NY,37495,Cuiabá Mun.,Mato Grosso
NY00957222_01,20,Piper+arboreum,5,NY,39071,Nova Xavantina Mun.,Mato Grosso
NY00957223_01,20,Piper+arboreum,5,NY,38802,Mossâmedes Mun.,Goiás
NY00957225_01,20,Piper+arboreum,5,NY,31051,,Distrito Federal
NY00957226_01,20,Piper+arboreum,5,NY,31047,,Distrito Federal
NY00957227_01,20,Piper+arboreum,5,NY,31048,,Distrito Federal
NY00957228_01,20,Piper+arboreum,5,NY,31055,Formosa Mun.,Goiás
NY00957229_01,20,Piper+arboreum,5,NY,31049,,Distrito Federal
NY00957231_01,20,Piper+arboreum,5,NY,31050,,Distrito Federal
NY00957232_01,20,Piper+arboreum,5,NY,31052,,Distrito Federal
NY00957233_01,20,Piper+arboreum,5,NY,31053,,Distrito Federal
NY00957235_01,20,Piper+arboreum,5,NY,40335,Caiapônia Mun.,Goiás
NY00957236_01,20,Piper+arboreum,5,NY,31054,,Distrito Federal
NY00957237_01,20,Piper+arboreum,5,NY,31056,,Distrito Federal
NY00957238_01,20,Piper+arboreum,5,NY,31057,,Distrito Federal
NY00957239_01,20,Piper+arboreum,5,NY,31058,,Distrito Federal
NY00957241_01,20,Piper+arboreum,5,NY,31061,,Distrito Federal
NY00957242_01,20,Piper+arboreum,5,NY,31062,,Distrito Federal
NY00957243_01,20,Piper+arboreum,5,NY,31063,,Distrito Federal
NY00957244_01,20,Piper+arboreum,5,NY,31064,,Distrito Federal
NY00957245_01,20,Piper+arboreum,5,NY,38791,Luziânia Mun.,Goiás
NY00957250_01,20,Piper+arboreum,5,NY,31077,,Distrito Federal
NY00957251_01,20,Piper+arboreum,5,NY,31078,,Distrito Federal
NY00957252_01,20,Piper+arboreum,5,NY,31079,,Distrito Federal
NY00957253_01,20,Piper+arboreum,5,NY,31083,,Distrito Federal
NY00957254_01,20,Piper+arboreum,5,NY,31084,,Distrito Federal
NY00957255_01,20,Piper+arboreum,5,NY,31085,,Distrito Federal
NY00957256_01,20,Piper+arboreum,5,NY,31080,,Mato Grosso
NY00957257_01,20,Piper+arboreum,5,NY,31081,,Mato Grosso
NY00957258_01,20,Piper+arboreum,5,NY,31090,,Mato Grosso
NY00957259_01,20,Piper+arboreum,5,NY,31091,,Mato Grosso
NY00957260_01,20,Piper+arboreum,5,NY,37623,Caiapônia Mun.,Goiás
NY00957261_01,20,Piper+arboreum,5,NY,31086,,Distrito Federal
NY00957262_01,20,Piper+arboreum,5,NY,31087,,Distrito Federal
NY00957263_01,20,Piper+arboreum,5,NY,37516,Alto Paraíso de Goiás Mun.,Goiás
NY00957264_01,20,Piper+arboreum,5,NY,31088,,Distrito Federal
NY00957265_01,20,Piper+arboreum,5,NY,40413,Barra do Garças Mun.,Mato Grosso
NY00957268_01,20,Piper+arboreum,5,NY,31092,,Distrito Federal
NY00957269_01,20,Piper+arboreum,5,NY,37189,Cuiabá Mun.,Mato Grosso
NY00957270_01,20,Piper+arboreum,5,NY,31093,,Distrito Federal
NY00957271_01,20,Piper+arboreum,5,NY,31094,,Distrito Federal
NY00957272_01,23,Piper+callosum,5,NY,38196,Matupá Mun.,Mato Grosso
NY00957273_01,23,Piper+callosum,5,NY,31657,Alta Floresta Mun.,Mato Grosso
NY00957274_01,23,Piper+callosum,5,NY,31647,,Mato Grosso
NY00957289_01,21,Piper+cachimboense,5,NY,36839,Sinop Mun.,Mato Grosso
NY00957290_01,21,Piper+cachimboense,5,NY,31608,,Mato Grosso
NY00957291_01,21,Piper+cachimboense,5,NY,38071,Matupá Mun.,Mato Grosso
NY00957292_01,22,Piper+caldense,5,NY,31640,,Distrito Federal
NY00957293_01,22,Piper+caldense,5,NY,37203,,Distrito Federal
NY00957294_01,22,Piper+caldense,5,NY,31641,,Distrito Federal
NY00957295_01,22,Piper+caldense,5,NY,31636,,Distrito Federal
NY00957296_01,22,Piper+caldense,5,NY,31637,,Distrito Federal
NY00957297_01,22,Piper+caldense,5,NY,31638,,Distrito Federal
NY00957298_01,22,Piper+caldense,5,NY,31639,,Distrito Federal
NY00957306_01,22,Piper+caldense,5,NY,31644,,Distrito Federal
NY00957307_01,22,Piper+caldense,5,NY,31645,,Distrito Federal
NY00957308_01,22,Piper+caldense,5,NY,31646,,Distrito Federal
NY00957309_01,22,Piper+caldense,5,NY,31650,,Distrito Federal
NY00957328_01,25,Piper+crassinervium,5,NY,37593,Formosa Mun.,Goiás
NY00957329_01,25,Piper+crassinervium,5,NY,37555,Catalão Mun.,Goiás
NY00957338_01,25,Piper+crassinervium,5,NY,32031,,Distrito Federal
NY00957339_01,25,Piper+crassinervium,5,NY,32071,,Distrito Federal
NY00957340_01,26,Piper+cuyabanum,5,NY,40440,Cabeceiras Mun.,Goiás
NY00957341_01,26,Piper+cuyabanum,5,NY,32150,,Distrito Federal
NY00957342_01,26,Piper+cuyabanum,5,NY,32151,,Distrito Federal
NY00957343_01,26,Piper+cuyabanum,5,NY,40476,Mossâmedes Mun.,Goiás
NY00957344_01,26,Piper+cuyabanum,5,NY,37808,Anastácio Mun.,Mato Grosso do Sul
NY00957345_01,26,Piper+cuyabanum,5,NY,39890,Rio Brilhante Mun.,Mato Grosso do Sul
NY00957346_01,26,Piper+cuyabanum,5,NY,39132,Cuiabá Mun.,Mato Grosso
NY00957347_01,26,Piper+cuyabanum,5,NY,37493,Chapada dos Guimarães Mun.,Mato Grosso
NY00957348_01,26,Piper+cuyabanum,5,NY,36947,Rio Brilhante Mun.,Mato Grosso do Sul
NY00957349_01,26,Piper+cuyabanum,5,NY,32152,,Distrito Federal
NY00957350_01,26,Piper+cuyabanum,5,NY,26229,,Mato Grosso
NY00957351_01,26,Piper+cuyabanum,5,NY,40741,Corumbá Mun.,Mato Grosso do Sul
NY00957354_01,26,Piper+cuyabanum,5,NY,32124,,Mato Grosso do Sul
NY00957355_01,26,Piper+cuyabanum,5,NY,38798,Mossâmedes Mun.,Goiás
NY00957356_01,26,Piper+cuyabanum,5,NY,32160,Mossâmedes Mun.,Goiás
NY00957361_01,27,Piper+dilatatum,5,NY,32311,,Mato Grosso
NY00957362_01,27,Piper+dilatatum,5,NY,37210,Alto Paraíso de Goiás Mun.,Goiás
NY00957363_01,27,Piper+dilatatum,5,NY,39023,,Mato Grosso
NY00957364_01,27,Piper+dilatatum,5,NY,32303,,Mato Grosso
NY00957367_01,27,Piper+dilatatum,5,NY,37664,Cáceres Mun.,Mato Grosso
NY00957369_01,27,Piper+dilatatum,5,NY,39888,Rio Brilhante Mun.,Mato Grosso do Sul
NY00957370_01,27,Piper+dilatatum,5,NY,37216,Antônio João Mun.,Mato Grosso do Sul
NY00957373_01,27,Piper+dilatatum,5,NY,32305,,Mato Grosso
NY00957374_01,27,Piper+dilatatum,5,NY,32306,,Mato Grosso
NY00957392_01,29,Piper+fuligineum,5,NY,37511,Alto Paraíso de Goiás Mun.,Goiás
NY00957393_01,29,Piper+fuligineum,5,NY,40338,Caiapônia Mun.,Goiás
NY00957394_01,29,Piper+fuligineum,5,NY,32685,,Mato Grosso
NY00957395_01,29,Piper+fuligineum,5,NY,32686,,Distrito Federal
NY00957396_01,29,Piper+fuligineum,5,NY,32688,,Distrito Federal
NY00957397_01,29,Piper+fuligineum,5,NY,32689,,Distrito Federal
NY00957398_01,29,Piper+fuligineum,5,NY,32690,,Distrito Federal
NY00957399_01,29,Piper+fuligineum,5,NY,32695,,Distrito Federal
NY00957400_01,29,Piper+fuligineum,5,NY,32691,,Distrito Federal
NY00957402_01,29,Piper+fuligineum,5,NY,32693,,Distrito Federal
NY00957403_01,29,Piper+fuligineum,5,NY,32694,,Distrito Federal
NY00957404_01,29,Piper+fuligineum,5,NY,40422,Ipameri Mun.,Goiás
NY00957405_01,29,Piper+fuligineum,5,NY,40479,Posse Mun.,Goiás
NY00957406_01,29,Piper+fuligineum,5,NY,37595,Formosa Mun.,Goiás
NY00957407_01,29,Piper+fuligineum,5,NY,32696,,Mato Grosso
NY00957408_01,29,Piper+fuligineum,5,NY,36813,Cocalzinho de Goiás Mun.,Goiás
NY00957411_01,29,Piper+fuligineum,5,NY,37557,Campo Alegre de Goiás Mun.,Goiás
NY00957413_01,29,Piper+fuligineum,5,NY,32698,,Distrito Federal
NY00957414_01,29,Piper+fuligineum,5,NY,32699,,Distrito Federal
NY00957420_01,29,Piper+fuligineum,5,NY,40055,Rio Brilhante Mun.,Mato Grosso do Sul
NY00957421_01,29,Piper+fuligineum,5,NY,37108,Bom Jesus de Goiás Mun.,Goiás
NY00957422_01,29,Piper+fuligineum,5,NY,32701,,Distrito Federal
NY00957423_01,29,Piper+fuligineum,5,NY,32702,,Distrito Federal
NY00957424_01,29,Piper+fuligineum,5,NY,32703,,Distrito Federal
NY00957425_01,29,Piper+fuligineum,5,NY,32706,,Distrito Federal
NY00957426_01,29,Piper+fuligineum,5,NY,32718,,Distrito Federal
NY00957429_01,29,Piper+fuligineum,5,NY,32708,,Distrito Federal
NY00957431_01,29,Piper+fuligineum,5,NY,32704,,Distrito Federal
NY00957432_01,29,Piper+fuligineum,5,NY,32705,,Distrito Federal
NY00957433_01,29,Piper+fuligineum,5,NY,32711,,Distrito Federal
NY00957446_01,30,Piper+gaudichaudianum,5,NY,32739,,Distrito Federal
NY00957450_01,30,Piper+gaudichaudianum,5,NY,32742,,Distrito Federal
NY00957455_01,30,Piper+gaudichaudianum,5,NY,32744,,Distrito Federal
NY00957456_01,31,Piper+glabratum,5,NY,32789,,Distrito Federal
NY00957457_01,31,Piper+glabratum,5,NY,32782,,Distrito Federal
NY00957458_01,31,Piper+glabratum,5,NY,32783,,Distrito Federal
NY00957459_01,31,Piper+glabratum,5,NY,37321,Antônio João Mun.,Mato Grosso do Sul
NY00957460_01,31,Piper+glabratum,5,NY,39485,Campinaçu Mun.,Goiás
NY00957464_01,32,Piper+hispidum,5,NY,40475,Goiás Mun.,Goiás
NY00957465_01,32,Piper+hispidum,5,NY,39889,Rio Brilhante Mun.,Mato Grosso do Sul
NY00957466_01,32,Piper+hispidum,5,NY,33059,,Distrito Federal
NY00957467_01,32,Piper+hispidum,5,NY,40336,Caiapônia Mun.,Goiás
NY00957468_01,32,Piper+hispidum,5,NY,40245,Santa Terezinha Mun.,Mato Grosso
NY00957469_01,32,Piper+hispidum,5,NY,37814,Amambai Mun.,Mato Grosso do Sul
NY00957470_01,32,Piper+hispidum,5,NY,33060,,Distrito Federal
NY00957474_01,32,Piper+hispidum,5,NY,38416,Silvânia Mun.,Goiás
NY00957500_01,33,Piper+macedoi,5,NY,33894,,Goiás
NY00957501_01,33,Piper+macedoi,5,NY,33896,,Distrito Federal
NY00957502_01,33,Piper+macedoi,5,NY,33897,,Distrito Federal
NY00957504_01,33,Piper+macedoi,5,NY,33898,,Distrito Federal
NY00957505_01,33,Piper+macedoi,5,NY,33892,,Distrito Federal
NY00957518_01,34,Piper+miquelianum,5,NY,34174,,Mato Grosso do Sul
NY00957519_01,34,Piper+miquelianum,5,NY,39381,Ponta Porã Mun.,Mato Grosso do Sul
NY00957524_01,35,Piper+mollicomum,5,NY,40478,Corumbá Mun.,Mato Grosso do Sul
NY00957530_01,35,Piper+mollicomum,5,NY,34193,,Distrito Federal
NY00957534_01,36,Piper+ovatum,5,NY,39451,Goiânia Mun.,Goiás
NY00957537_01,36,Piper+ovatum,5,NY,34513,Corumbá de Goiás Mun.,Goiás
NY00957539_01,36,Piper+ovatum,5,NY,34509,,Distrito Federal
NY00957540_01,36,Piper+ovatum,5,NY,34510,,Distrito Federal
NY00957541_01,36,Piper+ovatum,5,NY,40466,Corumbá de Goiás Mun.,Goiás
NY01021310_01,37,Piper+regnellii,5,NY,40480,São João d'Aliança Mun.,Goiás
NY01021311_01,37,Piper+regnellii,5,NY,36944,Santa Rita do Araguaia Mun.,Goiás
NY01021320_01,37,Piper+regnellii,5,NY,36980,Jataí Mun.,Goiás
NY01021322_01,37,Piper+regnellii,5,NY,39489,Campinaçu Mun.,Goiás
NY01021337_01,37,Piper+regnellii,5,NY,34934,,Distrito Federal
NY01021351_01,38,Piper+tectoniifolium,5,NY,35380,,Distrito Federal
NY01021352_01,38,Piper+tectoniifolium,5,NY,35381,,Distrito Federal
NY01021353_01,38,Piper+tectoniifolium,5,NY,35382,,Distrito Federal
NY01021354_01,38,Piper+tectoniifolium,5,NY,35383,,Distrito Federal
NY01021355_01,38,Piper+tectoniifolium,5,NY,35377,,Distrito Federal
NY01021357_01,38,Piper+tectoniifolium,5,NY,35379,,Distrito Federal
NY01021362_01,38,Piper+tectoniifolium,5,NY,35384,,Distrito Federal
NY01021363_01,39,Piper+tuberculatum,5,NY,35450,,Mato Grosso
NY01021364_01,39,Piper+tuberculatum,5,NY,37625,Piranhas Mun.,Goiás
NY01021365_01,39,Piper+tuberculatum,5,NY,37270,Cocalzinho de Goiás Mun.,Goiás
NY01021372_01,39,Piper+tuberculatum,5,NY,35460,,Mato Grosso do Sul
NY01021373_01,39,Piper+tuberculatum,5,NY,40739,Corumbá Mun.,Mato Grosso do Sul
NY01021383_01,39,Piper+tuberculatum,5,NY,35461,,Mato Grosso
NY01021390_01,39,Piper+tuberculatum,5,NY,36984,Corumbá Mun.,Mato Grosso do Sul
NY01021398_01,39,Piper+tuberculatum,5,NY,36088,,Distrito Federal
NY01021400_01,39,Piper+tuberculatum,5,NY,35464,,Mato Grosso do Sul
NY01021412_01,41,Piper+viminifolium,5,NY,38547,Ipameri Mun.,Goiás
NY01023505_01,20,Piper+arboreum,5,NY,40321,Aquidauana Mun.,Mato Grosso do Sul
NY01023514_01,34,Piper+miquelianum,5,NY,34175,,Mato Grosso do Sul
NY01038558_01,19,Piper+anonifolium,5,NY,40070,Matupá Mun.,Mato Grosso
NY01038559_01,19,Piper+anonifolium,5,NY,38195,Matupá Mun.,Mato Grosso
NY01067783_01,19,Piper+anonifolium,5,NY,30766,Alta Floresta Mun.,Mato Grosso
NY01067814_01,31,Piper+glabratum,5,NY,35916,Mundo Novo Mun.,Mato Grosso do Sul
NY01067815_01,15,Piper+aduncum,5,NY,40086,Goiás Mun.,Goiás
NY01093289_01,3,Peperomia+blanda,5,NY,26584,,Distrito Federal
NY01093293_01,3,Peperomia+blanda,5,NY,37594,Formosa Mun.,Goiás
NY01093294_01,3,Peperomia+blanda,5,NY,26622,,Distrito Federal
NY01145346_01,15,Piper+aduncum,5,NY,40457,Pirenópolis Mun.,Goiás
NY01145500_01,20,Piper+arboreum,5,NY,39620,Mossâmedes Mun.,Goiás
NY01146096_01,20,Piper+arboreum,5,NY,40525,Goiânia Mun.,Goiás
NY01146481_01,20,Piper+arboreum,5,NY,38116,Pirenópolis Mun.,Goiás
NY01421352_01,20,Piper+arboreum,5,NY,31041,,Goiás
NY01421906_01,28,Piper+divaricatum,5,NY,40332,Caiapônia Mun.,Goiás
NY01522566_01,28,Piper+divaricatum,5,NY,32418,,Mato Grosso
NY01522567_01,28,Piper+divaricatum,5,NY,32419,,Mato Grosso
NY01802229_01,10,Peperomia+macrostachya,5,NY,38216,Juará Mun.,Mato Grosso
SP001485,33,Piper+macedoi,5,SP,25031,,Mato Grosso
SP010988,8,Peperomia+gardneriana,5,SP,25070,Corumbá de Goiás,Goiás
SP011203,27,Piper+dilatatum,5,SP,25002,Tapirapuã,Mato Grosso
SP011259,36,Piper+ovatum,5,SP,25069,Corumbá de Goiás,Goiás
SPF00044272,6,Peperomia+elongata,5,SPF,19866,Luciara,Mato Grosso
SPF00045315,16,Piper+aequale,5,SPF,20200,Alta Floresta,Mato Grosso
SPF00045596,21,Piper+cachimboense,5,SPF,20329,Jauru,Mato Grosso
SPF00046142,20,Piper+arboreum,5,SPF,20304,Cuiabá,Mato Grosso
SPF00046289,32,Piper+hispidum,5,SPF,20479,Santa Terezinha,Mato Grosso
SPF00046326,29,Piper+fuligineum,5,SPF,20437,Luciara,Mato Grosso
SPF00060540,20,Piper+arboreum,5,SPF,20305,Goiânia,Goiás
SPF00060718,36,Piper+ovatum,5,SPF,20564,Goiânia,Goiás
SPF00061606,33,Piper+macedoi,5,SPF,20523,,Mato Grosso
SPF00080782,37,Piper+regnellii,5,SPF,20774,Amambai,Mato Grosso do Sul
SPF00080783,37,Piper+regnellii,5,SPF,20772,Amambai,Mato Grosso do Sul
SPF00100743,23,Piper+callosum,5,SPF,20345,Santo Antônio do Leverger,Mato Grosso
SPF00102416,20,Piper+arboreum,5,SPF,20289,Costa Rica,Mato Grosso do Sul
SPF00102745,15,Piper+aduncum,5,SPF,20762,Goiás,Goiás
SPF00103357,27,Piper+dilatatum,5,SPF,20761,Goiás,Goiás
SPF00119450,27,Piper+dilatatum,5,SPF,20760,Campinaçu,Goiás
SPF00122976,27,Piper+dilatatum,5,SPF,20396,Tocantinópolis,Goiás
SPF00127482,15,Piper+aduncum,5,SPF,20178,,Goiás
SPF00131421,11,Peperomia+pellucida,5,SPF,20780,Corumbá,Mato Grosso do Sul
SPF00131422,18,Piper+amalago,5,SPF,20779,Corumbá,Mato Grosso do Sul
SPF00132021,2,Peperomia+arifolia,5,SPF,20776,Aquidauana,Mato Grosso do Sul
SPF00133605,20,Piper+arboreum,5,SPF,20765,Niquelândia,Goiás
SPF00145415,33,Piper+macedoi,5,SPF,20521,Serranópolis,Goiás
SPF00146068,27,Piper+dilatatum,5,SPF,20403,Itumbiara,Goiás
SPF00146882,27,Piper+dilatatum,5,SPF,20404,Bodoquena,Mato Grosso do Sul
SPF00152702,27,Piper+dilatatum,5,SPF,20405,,Mato Grosso
SPF00161691,18,Piper+amalago,5,SPF,20775,Antônio João,Mato Grosso do Sul
SPF00161693,20,Piper+arboreum,5,SPF,20769,Cáceres,Mato Grosso
SPF00161696,27,Piper+dilatatum,5,SPF,20406,Mossâmedes,Goiás
SPF00161697,18,Piper+amalago,5,SPF,20766,São Domingos,Goiás
SPF00162780,7,Peperomia+galioides,5,SPF,19874,Alto Paraíso de Goiás,Goiás
SPF00178972,39,Piper+tuberculatum,5,SPF,20777,Aquidauana,Mato Grosso do Sul
SPF00186257,20,Piper+arboreum,5,SPF,20271,Pirenópolis,Goiás
SPF00194805,27,Piper+dilatatum,5,SPF,20415,Água Boa,Mato Grosso
SPF00194806,15,Piper+aduncum,5,SPF,20184,Nova Brasilândia,Mato Grosso
SPF00194807,29,Piper+fuligineum,5,SPF,20432,Nova Xavantina,Mato Grosso
SPF00195465,13,Peperomia+tetraphylla,5,SPF,19996,Cavalcante,Goiás
SPF00231314,39,Piper+tuberculatum,5,SPF,20631,Barão de Melgaço,Mato Grosso
SPF00234119,18,Piper+amalago,5,SPF,20764,Itumbiara,Goiás
UEC138168,15,Piper+aduncum,5,UEC,7234,Brasília,Distrito Federal
UEC138173,20,Piper+arboreum,5,UEC,7295,Brasília,Distrito Federal
UEC138519,20,Piper+arboreum,5,UEC,7308,,Mato Grosso
UEC149493,10,Peperomia+macrostachya,5,UEC,6929,,Mato Grosso
UEC149495,10,Peperomia+macrostachya,5,UEC,6930,,Mato Grosso
UEC149669,15,Piper+aduncum,5,UEC,7222,,Goiás
UEC149670,15,Piper+aduncum,5,UEC,7221,Veadeiros,Goiás
UEC149671,15,Piper+aduncum,5,UEC,7220,,Mato Grosso
UEC149822,20,Piper+arboreum,5,UEC,7290,,Mato Grosso
UFG0060067,20,Piper+arboreum,5,UFG,24488,Niquelândia,Goiás
V0451726F_01,20,Piper+arboreum,5,V,54764,,Goiás